tree
version=v3
num_class=1
num_tree_per_iteration=1
label_index=0
max_feature_idx=8
objective=regression
feature_names=Column_0 Column_1 Column_2 Column_3 Column_4 Column_5 Column_6 Column_7 Column_8
feature_infos=[1995:2017] [1:12] [1:4] [0:4] [0:1] [0:2] [0:126] [0:448] [0:1162]
tree_sizes=2861 2892 2883 2891 2882 2870 2901 2860 2924 2862 2903 2897 2916 2884 2910 2870 2896 2926 2875 2861 2912 2881 2923 2916 2830 2863 2844 2860 2893 2902 2905 2897 2853 2899 2877 2819 2809 2858 2874 2898 2947 2806 2902 2805 2875 2762 2899 2896 2867 2887 2795 2842 2759 2791 2850 2810 2950 2946 2797 2866 2948 2809 2847 2741 2892 2739 2787 2805 2814 2741 2878 2978 2739 2894 2945 2896 2815 2830 2761 2978 2872 2745 2816 2842 2871 2949 2776 2820 2856 2787 2816 2801 2868 2751 2810 2922 2814 2871 2855 2848

Tree=0
num_leaves=31
num_cat=0
split_feature=0 8 3 3 7 3 3 0 5 0 7 7 3 6 8 6 3 5 6 8 7 3 7 3 7 7 7 5 0 1
split_gain=2.09746e+15 1.80699e+15 1.30488e+15 7.00736e+14 4.67477e+14 4.37452e+14 6.86459e+14 3.84885e+14 4.49154e+14 3.01076e+14 2.09561e+14 4.00499e+14 5.23208e+14 1.6605e+14 1.53255e+14 1.36085e+14 1.34683e+14 1.3099e+14 1.26015e+14 1.70735e+14 1.09219e+14 1.79928e+14 2.72552e+14 1.02849e+14 9.2733e+13 1.81405e+14 1.17399e+14 9.64024e+13 7.98469e+13 7.50655e+13
threshold=2003.5000000000002 1.0000000180025095e-35 3.5000000000000004 3.5000000000000004 131.50000000000003 1.5000000000000002 2.5000000000000004 2015.5000000000002 1.0000000180025095e-35 2011.5000000000002 81.500000000000014 87.500000000000014 1.5000000000000002 1.0000000180025095e-35 1.0000000180025095e-35 9.5000000000000018 1.5000000000000002 1.0000000180025095e-35 1.0000000180025095e-35 145.50000000000003 81.500000000000014 2.5000000000000004 87.500000000000014 2.5000000000000004 28.500000000000004 24.500000000000004 25.500000000000004 1.0000000180025095e-35 2006.5000000000002 7.5000000000000009
decision_type=2 2 2 2 2 2 2 2 2 2 2 2 2 2 2 2 2 2 2 2 2 2 2 2 2 2 2 2 2 2
left_child=14 2 9 5 7 13 15 8 29 20 24 12 -12 -3 -1 -7 -16 -13 19 -5 -2 22 28 -18 25 -11 27 -27 -22 -4
right_child=1 3 4 18 -6 6 -8 -9 -10 10 11 17 -14 -15 16 -17 23 -19 -20 -21 21 -23 -24 -25 -26 26 -28 -29 -30 -31
leaf_value=178633.85651895331 193607.58683500416 190453.03774018484 854478.90252262051 617448.01317438553 815663.29886338522 199570.37914340961 175064.7091575106 282457.3685115985 304750.50684448495 213862.0946570363 636455.76385442808 294757.19948642154 296622.0736247442 175769.7454461646 167010.69078549618 188921.82256675282 174771.04910064006 216031.05652989293 235057.22429951438 276258.84820457012 324540.76010108588 202131.56887283697 234095.60013206146 167049.75226806742 204209.29302912569 457055.8533625023 222349.15776977557 290199.87082712993 501494.14827510552 614003.80780329171
leaf_weight=18026 10184 8144 27 20 28 16450 41039 147 44 2203 55 261 257 141839 127522 44378 53256 1111 1878 55 51 2065 515 25517 3689 38 287 390 51 25
leaf_count=18026 10184 8144 27 20 28 16450 41039 147 44 2203 55 261 257 141839 127522 44378 53256 1111 1878 55 51 2065 515 25517 3689 38 287 390 51 25
internal_value=176969 182819 210705 180464 428745 180002 185059 384162 539896 207912 222772 254263 356529 176567 169792 191802 169019 231007 240133 367243 198336 216290 263674 172270 214746 228067 271833 305014 413017 738866
internal_weight=0 275231 21428 253803 271 251850 101867 243 96 21157 8291 1684 312 149983 224321 60828 206295 1372 1953 75 12866 2682 617 78773 6607 2918 715 428 102 52
internal_count=499552 275231 21428 253803 271 251850 101867 243 96 21157 8291 1684 312 149983 224321 60828 206295 1372 1953 75 12866 2682 617 78773 6607 2918 715 428 102 52
is_linear=0
shrinkage=1


Tree=1
num_leaves=31
num_cat=0
split_feature=0 8 3 3 7 3 3 0 5 7 7 3 0 5 6 6 0 6 3 0 6 8 3 6 6 8 0 8 7 6
split_gain=1.70351e+15 1.48531e+15 1.0351e+15 5.57586e+14 3.78656e+14 3.23656e+14 5.29791e+14 3.11757e+14 3.63815e+14 2.34312e+14 4.08921e+14 6.01071e+14 2.18675e+14 1.33635e+14 1.31624e+14 1.28353e+14 1.18133e+14 1.07942e+14 1.05847e+14 1.04725e+14 1.02072e+14 1.38295e+14 8.21946e+13 7.30303e+13 7.46563e+13 6.87589e+13 9.25898e+13 1.28421e+14 1.28696e+14 9.55519e+13
threshold=2004.5000000000002 1.0000000180025095e-35 3.5000000000000004 3.5000000000000004 131.50000000000003 1.5000000000000002 2.5000000000000004 2015.5000000000002 1.0000000180025095e-35 81.500000000000014 87.500000000000014 2.5000000000000004 2000.5000000000002 1.0000000180025095e-35 1.0000000180025095e-35 1.0000000180025095e-35 2012.5000000000002 9.5000000000000018 1.5000000000000002 2006.5000000000002 1.0000000180025095e-35 145.50000000000003 2.5000000000000004 6.5000000000000009 1.0000000180025095e-35 89.500000000000014 2015.5000000000002 49.500000000000007 85.500000000000014 16.500000000000004
decision_type=2 2 2 2 2 2 2 2 2 2 2 2 2 2 2 2 2 2 2 2 2 2 2 2 2 2 2 2 2 2
left_child=12 2 9 5 7 15 17 8 -4 16 11 19 -1 -12 -14 -3 -2 23 -16 -11 21 -5 -20 24 -7 26 27 -22 -29 -30
right_child=1 3 4 20 -6 6 -8 -9 -10 10 13 -13 14 -15 18 -17 -18 -19 22 -21 25 -23 -24 -25 -26 -27 -28 28 29 -31
leaf_value=-8436.3740480503529 17292.675301723433 13005.222752094414 505707.18856107281 396431.11965820316 574824.86242327013 42451.197120825149 -1476.1853782456412 94939.543878879689 115003.36239346593 143796.32081653227 74144.237674716423 75631.874195280412 6362.5297412142017 24558.42025045336 -6390.1630086540354 -690.92395903068439 35608.043899874043 11288.980718341452 3707.2187361087776 352529.322598067 83362.512523748228 89360.873987926141 -6167.1307579235618 33290.256044367692 14524.129284323089 35723.906842622106 49178.870449299611 454181.52713867184 314659.27250976564 23924.589032451924
leaf_weight=139041 9477 7233 52 20 28 1058 37104 147 44 31 697 643 14546 2468 61231 126706 5604 39984 24808 107 220 55 12769 3771 10050 1074 518 20 20 26
leaf_count=139041 9477 7233 52 20 28 1058 37104 147 44 31 697 643 14546 2468 61231 126706 5604 39984 24808 107 220 55 12769 3771 10050 1074 518 20 20 26
internal_value=0 5901.14 32538.9 3645.11 226598 3185.16 7753.05 186473 326635 29775 51469.4 116274 -5778.67 35478.3 -2518.71 48.698 24098.5 13994.8 -3826.16 305640 56848 171246 351.827 21266.1 17184.1 52279.4 74394.6 120065 242407 150331
internal_weight=0 247157 19298 227859 271 225906 91967 243 96 19027 3946 781 252395 3165 113354 133939 15081 54863 98808 138 1953 75 37577 14879 11108 1878 804 286 66 46
internal_count=499552 247157 19298 227859 271 225906 91967 243 96 19027 3946 781 252395 3165 113354 133939 15081 54863 98808 138 1953 75 37577 14879 11108 1878 804 286 66 46
is_linear=0
shrinkage=0.1


Tree=2
num_leaves=31
num_cat=0
split_feature=0 8 3 3 7 1 3 3 0 5 7 7 3 0 7 1 6 6 3 6 6 8 1 3 8 3 7 7 7 7
split_gain=1.38953e+15 1.18762e+15 8.55717e+14 4.59347e+14 3.19598e+14 7.11423e+14 2.87304e+14 4.52405e+14 2.16048e+14 1.90103e+14 3.10711e+14 4.08171e+14 1.22297e+14 1.21877e+14 2.11158e+14 2.19939e+14 1.18571e+14 1.08312e+14 1.05346e+14 9.03524e+13 8.26783e+13 1.12019e+14 7.1345e+13 6.91776e+13 6.75058e+13 5.78839e+13 6.96562e+13 1.02535e+14 5.58772e+13 1.10722e+14
threshold=2003.5000000000002 1.0000000180025095e-35 3.5000000000000004 3.5000000000000004 93.500000000000014 6.5000000000000009 1.5000000000000002 2.5000000000000004 2009.5000000000002 1.0000000180025095e-35 81.500000000000014 87.500000000000014 1.5000000000000002 2015.5000000000002 53.500000000000007 5.5000000000000009 1.0000000180025095e-35 1.0000000180025095e-35 1.5000000000000002 9.5000000000000018 1.0000000180025095e-35 145.50000000000003 4.5000000000000009 2.5000000000000004 145.50000000000003 2.5000000000000004 81.500000000000014 87.500000000000014 81.500000000000014 91.500000000000014
decision_type=2 2 2 2 2 2 2 2 2 2 2 2 2 2 2 2 2 2 2 2 2 2 2 2 2 2 2 2 2 2
left_child=16 2 8 6 13 -6 17 19 25 10 12 22 -10 14 15 -4 -1 -3 -18 24 21 -5 -12 -20 -8 26 -2 -28 -11 -30
right_child=1 3 4 20 5 -7 7 -9 9 28 11 -13 -14 -15 -16 -17 18 -19 23 -21 -22 -23 -24 -25 -26 -27 27 -29 29 -31
leaf_value=-21.38476849078581 19463.631380030354 10909.429190196317 139738.8677965088 356788.00429687503 125493.87544907078 859630.44907670456 10801.523321753128 -1537.0072495800928 37356.103864816258 20767.59593044137 494474.19970238098 87549.029989833944 119624.88591827234 88632.160124754009 28982.269687500004 541346.59697916673 -8576.8281574122047 -949.41951888199549 -1810.1387259873388 9703.7228519720429 47051.472057851155 80424.788551136371 279843.89831667108 -8536.6039044242843 23795.05863201998 9043.5151561053262 166856.47559493216 40097.910430846867 91961.567211843299 29167.68346418377
leaf_weight=30275 3348 8144 25 20 33 22 6855 41039 2834 5477 21 378 193 131 30 30 120176 141839 52257 44378 1878 55 59 21613 9595 6519 76 398 345 1509
leaf_count=30275 3348 8144 25 20 33 22 6855 41039 2834 5477 21 378 193 131 30 30 120176 141839 52257 44378 1878 55 59 21613 9595 6519 76 398 345 1509
internal_value=0 4761.35 27368.6 2852.67 203938 419149 2478.04 6576.35 25106.9 34987.8 54216.1 130979 42601.5 149140 242392 358798 -5841.94 -305.49 -6750.06 12050.2 51163.2 154122 336184 -3778.18 18380.4 14772.2 24543.2 60422.1 25847.1 40852.6
internal_weight=0 275231 21428 253803 271 55 251850 101867 21157 10816 3485 458 3027 216 85 55 224321 149983 194046 60828 1953 75 80 73870 16450 10341 3822 474 7331 1854
internal_count=499552 275231 21428 253803 271 55 251850 101867 21157 10816 3485 458 3027 216 85 55 224321 149983 194046 60828 1953 75 80 73870 16450 10341 3822 474 7331 1854
is_linear=0
shrinkage=0.1


Tree=3
num_leaves=31
num_cat=0
split_feature=0 8 3 3 7 5 0 0 3 3 3 7 7 3 6 1 6 3 1 6 0 3 6 1 3 8 0 8 0 8
split_gain=1.14576e+15 9.98709e+14 6.63776e+14 3.59044e+14 2.71801e+14 2.29515e+14 2.99077e+14 2.10328e+14 1.95589e+14 3.29666e+14 1.78243e+14 2.86266e+14 4.24036e+14 1.46628e+14 8.45992e+13 8.10938e+13 8.10327e+13 7.54191e+13 7.42348e+13 6.9616e+13 6.94467e+13 6.72322e+13 6.69694e+13 9.51484e+13 5.96656e+13 5.93751e+13 5.67107e+13 5.5814e+13 7.37609e+13 1.06147e+14
threshold=2005.5000000000002 1.0000000180025095e-35 3.5000000000000004 3.5000000000000004 131.50000000000003 1.0000000180025095e-35 2015.5000000000002 2001.5000000000002 1.5000000000000002 2.5000000000000004 2.5000000000000004 81.500000000000014 87.500000000000014 1.5000000000000002 1.0000000180025095e-35 9.5000000000000018 1.0000000180025095e-35 1.5000000000000002 7.5000000000000009 9.5000000000000018 2012.5000000000002 2.5000000000000004 1.0000000180025095e-35 9.5000000000000018 1.0000000180025095e-35 1.0000000180025095e-35 2011.5000000000002 87.500000000000014 2015.5000000000002 49.500000000000007
decision_type=2 2 2 2 2 2 2 2 2 2 2 2 2 2 2 2 2 2 2 2 2 2 2 2 2 2 2 2 2 2
left_child=7 2 10 8 5 6 18 25 14 19 11 13 26 -2 -3 -7 -9 -18 -4 -10 -12 -19 23 -5 -14 -1 -13 28 29 -24
right_child=1 3 4 22 -6 15 -8 16 9 -11 20 12 24 -15 -16 -17 17 21 -20 -21 -22 -23 27 -25 -26 -27 -28 -29 -30 -31
leaf_value=-258.47814848230394 27221.751025426482 11464.351327229735 540342.95188841643 59065.121164062504 478573.82684151782 -8449.1162941261573 117313.78066894531 6227.886130374166 17942.007760847358 -995.21322172063867 11743.735600243352 204595.53046709334 51713.147491543539 99603.411650439957 -245.17470125465775 184016.01658854168 -4142.4246103654577 4891.5261305202184 301202.21759374999 9549.9682412087714 27600.375396936488 -4063.4117967584702 70321.112925331807 297998.20024999999 140375.87304632014 -7112.7775519994148 339608.25304129464 27511.358512758216 39817.10480902515 216643.56044235232
leaf_weight=13777 4853 6523 27 50 28 81 80 13911 13559 33486 6522 70 552 297 114025 30 59181 23145 25 36480 4791 13146 220 25 88 152866 56 1079 515 64
leaf_count=13777 4853 6523 27 50 28 81 80 13911 13559 33486 6522 70 552 297 114025 30 59181 23145 25 36480 4791 13146 220 25 88 152866 56 1079 515 64
internal_value=0 5321.9 28256.8 3373.79 183545 149549 238670 -4309.68 2965.4 6684.62 25814.3 39879.6 96917.1 31396 388.442 43568.5 -902.516 -1941.47 425371 11823.9 18458.9 1647.7 46046.9 138709 63904.3 -6546.11 264601 42346.3 62380 103295
internal_weight=0 223526 17500 206026 271 243 132 276026 204073 83525 17229 5916 766 5150 120548 111 109383 95472 52 50039 11313 36291 1953 75 640 166643 126 1878 799 284
internal_count=499552 223526 17500 206026 271 243 132 276026 204073 83525 17229 5916 766 5150 120548 111 109383 95472 52 50039 11313 36291 1953 75 640 166643 126 1878 799 284
is_linear=0
shrinkage=0.1


Tree=4
num_leaves=31
num_cat=0
split_feature=0 8 3 3 7 1 3 5 0 7 7 3 6 7 7 7 5 6 0 7 1 3 8 3 7 7 6 3 3 6
split_gain=9.32319e+14 7.90309e+14 5.68926e+14 3.05945e+14 2.25644e+14 5.71197e+14 2.0724e+14 3.1429e+14 1.74907e+14 1.16333e+14 2.03373e+14 2.25447e+14 7.80919e+13 7.47169e+13 1.48839e+14 9.91363e+13 7.5937e+13 7.42413e+13 7.41841e+13 1.73668e+14 1.78233e+14 6.75578e+13 6.56392e+13 6.40558e+13 8.6878e+13 1.38422e+14 6.25272e+13 6.17323e+13 5.87104e+13 5.42452e+13
threshold=2002.5000000000002 1.0000000180025095e-35 3.5000000000000004 3.5000000000000004 93.500000000000014 6.5000000000000009 1.5000000000000002 1.0000000180025095e-35 2011.5000000000002 81.500000000000014 87.500000000000014 1.5000000000000002 9.5000000000000018 28.500000000000004 24.500000000000004 25.500000000000004 1.0000000180025095e-35 1.0000000180025095e-35 2015.5000000000002 53.500000000000007 5.5000000000000009 2.5000000000000004 1.0000000180025095e-35 2.5000000000000004 81.500000000000014 87.500000000000014 6.5000000000000009 1.5000000000000002 1.5000000000000002 1.0000000180025095e-35
decision_type=2 2 2 2 2 2 2 2 2 2 2 2 2 2 2 2 2 2 2 2 2 2 2 2 2 2 2 2 2 2
left_child=22 2 8 6 18 -6 17 12 23 13 11 -11 26 14 -10 16 -16 -3 19 20 -4 -12 -1 24 27 -26 -8 -2 -24 -5
right_child=1 3 4 29 5 -7 7 -9 9 10 21 -13 -14 -15 15 -17 -18 -19 -20 -21 -22 -23 28 -25 25 -27 -28 -29 -30 -31
leaf_value=754.40536798816936 14045.007275814336 8309.0317470181362 100267.8703125 124838.53556510418 82893.80508996213 740712.01321022725 11801.898847685039 -1261.7419859072634 24191.562158896457 311169.60175426136 83009.898874447957 88094.43067921442 7463.2495994733081 15643.255325424099 242134.59592413652 31229.327460588731 94044.969972221181 -1020.9828115451882 71938.656959685119 -1641.4785937500001 461798.37651041662 27038.943534253995 -7334.4716142906227 7913.2045143616988 153752.98107972759 34498.264484832449 25723.898196915216 64996.246563161425 -3621.5828516858487 38111.692005229786
leaf_weight=16078 4520 9018 25 75 33 22 12713 46180 2203 55 268 257 48443 3689 38 287 390 157176 131 30 30 1104 111311 9347 117 579 4323 251 68981 1878
leaf_count=16078 4520 9018 25 75 33 22 12713 46180 2203 55 268 257 48443 3689 38 287 390 157176 131 30 30 1104 111311 9347 117 579 4323 251 68981 1878
internal_value=0 3476.78 21140.8 2001.07 165190 346021 1723.84 5055.72 19451.3 31081.4 54544.1 127419 9511.2 25101.2 37058.1 76701.4 107193 -514.719 119145 191899 297466 37972 -5367.92 12942.2 21540.3 54545.4 15334.7 16725.5 -5913.89 41442.2
internal_weight=0 303182 23376 279806 271 55 277853 111659 23105 8291 1684 312 65479 6607 2918 715 428 166194 216 85 55 1372 196370 14814 5467 696 17036 4771 180292 1953
internal_count=499552 303182 23376 279806 271 55 277853 111659 23105 8291 1684 312 65479 6607 2918 715 428 166194 216 85 55 1372 196370 14814 5467 696 17036 4771 180292 1953
is_linear=0
shrinkage=0.1


Tree=5
num_leaves=31
num_cat=0
split_feature=0 8 3 3 5 7 1 0 3 7 7 3 3 3 1 7 6 3 3 6 6 1 8 6 0 8 7 6 7 7
split_gain=7.85079e+14 6.59541e+14 4.34429e+14 2.34351e+14 2.04241e+14 3.28264e+14 2.65711e+14 1.45604e+14 1.307e+14 1.85251e+14 2.82848e+14 1.28782e+14 2.22387e+14 1.09719e+14 8.92694e+13 2.14588e+14 8.6288e+13 6.92651e+13 5.98045e+13 5.97631e+13 5.6929e+13 5.50285e+13 5.20608e+13 1.14811e+14 6.29045e+13 5.67495e+13 1.04363e+14 7.55937e+13 5.05353e+13 8.19657e+13
threshold=2005.5000000000002 1.0000000180025095e-35 3.5000000000000004 3.5000000000000004 1.0000000180025095e-35 93.500000000000014 9.5000000000000018 1999.5000000000002 2.5000000000000004 81.500000000000014 87.500000000000014 1.5000000000000002 2.5000000000000004 1.5000000000000002 8.5000000000000018 25.500000000000004 1.0000000180025095e-35 1.5000000000000002 2.5000000000000004 1.0000000180025095e-35 1.0000000180025095e-35 3.5000000000000004 103.50000000000001 1.0000000180025095e-35 2015.5000000000002 49.500000000000007 85.500000000000014 15.500000000000002 81.500000000000014 87.500000000000014
decision_type=2 2 2 2 2 2 2 2 2 2 2 2 2 2 2 2 2 2 2 2 2 2 2 2 2 2 2 2 2 2
left_child=7 2 8 11 5 14 -6 -1 9 13 -11 20 19 -2 15 -4 -9 -18 -19 -13 -3 -17 23 -5 25 -25 -27 -28 -10 -30
right_child=1 3 4 22 6 -7 -8 16 28 10 -12 12 -14 -15 -16 21 17 18 -20 -21 -22 -23 -24 24 -26 26 27 -29 29 -31
leaf_value=-6309.1510500424874 22676.145092613893 9487.0129725766037 490352.41658380686 291966.85078124999 -29186.788073470747 551492.06874999998 304432.65644531249 4346.0189047364283 10892.082336055173 215946.51786644349 52032.594469556811 34132.17903587527 -797.49918806157734 85288.711249548665 55746.081405452802 220268.89265950525 -4271.5321788544179 2687.1204986012008 -4334.0214692379323 9241.7979013185741 -118.55903665518431 6126.2109049479168 22296.833173218351 59477.8336895752 30005.096758893756 343194.74403409095 208813.98232758621 -10959.216512522979 59444.101304913056 17610.368501985482
leaf_weight=113824 4853 6523 22 20 94 26 32 20947 8465 126 640 984 33486 297 49 24 87337 35484 18434 49055 114025 24 1059 220 569 22 29 34 591 2257
leaf_count=113824 4853 6523 22 20 94 26 32 20947 8465 126 640 984 33486 297 49 24 87337 35484 18434 49055 114025 24 1059 220 569 22 29 34 591 2257
internal_value=0 4405.32 23043.3 2822.19 148671 229597 55542 -3567.43 21067.3 33111.6 78994.9 2492.26 5510.18 26287 159267 231732 -1643.45 -2531.64 286.666 9731.26 401.21 113198 37298 55067.8 49646.8 86289.8 155686 90206.2 14768.8 26291.5
internal_weight=0 223526 17500 206026 271 145 126 276026 17229 5916 766 204073 83525 5150 119 70 162202 141255 53918 50039 120548 48 1953 894 874 305 85 63 11313 2848
internal_count=499552 223526 17500 206026 271 145 126 276026 17229 5916 766 204073 83525 5150 119 70 162202 141255 53918 50039 120548 48 1953 894 874 305 85 63 11313 2848
is_linear=0
shrinkage=0.1


Tree=6
num_leaves=31
num_cat=0
split_feature=0 8 3 3 7 5 0 0 3 7 7 3 5 3 3 8 1 3 3 6 6 4 8 8 6 6 7 7 7 7
split_gain=6.41076e+14 5.58279e+14 3.39628e+14 1.854e+14 1.77928e+14 1.59505e+14 2.18286e+14 1.50197e+14 1.05584e+14 1.62178e+14 2.40244e+14 9.55346e+13 9.95863e+13 9.91455e+13 8.84495e+13 6.85434e+13 6.4989e+13 6.1805e+13 5.34196e+13 5.2614e+13 5.04354e+13 4.47351e+13 6.1674e+13 9.9542e+13 4.30727e+13 5.31303e+13 4.21975e+13 5.16176e+13 1.43055e+14 4.19447e+13
threshold=2006.5000000000002 1.0000000180025095e-35 3.5000000000000004 3.5000000000000004 131.50000000000003 1.0000000180025095e-35 2015.5000000000002 2000.5000000000002 2.5000000000000004 81.500000000000014 87.500000000000014 1.0000000180025095e-35 1.0000000180025095e-35 1.5000000000000002 1.5000000000000002 1.0000000180025095e-35 7.5000000000000009 1.0000000180025095e-35 1.0000000180025095e-35 9.5000000000000018 6.5000000000000009 1.0000000180025095e-35 101.50000000000001 95.500000000000014 7.5000000000000009 8.5000000000000018 28.500000000000004 24.500000000000004 25.500000000000004 81.500000000000014
decision_type=2 2 2 2 2 2 2 2 2 2 2 2 2 2 2 2 2 2 2 2 2 2 2 2 2 2 2 2 2 2
left_child=7 2 8 11 5 6 16 -1 9 14 -11 -3 13 -13 26 -9 -4 -17 -12 20 -15 22 23 -5 -22 -26 27 -2 -29 -10
right_child=1 3 4 21 -6 -7 -8 15 29 10 18 12 -14 19 -16 17 -18 -19 -20 -21 24 -23 -24 -25 25 -27 -28 28 -30 -31
leaf_value=-5282.9758199051921 26147.134083827219 -945.53024370464686 447670.70580150466 51573.412777558733 372509.15892857144 17948.399551391602 76916.504486694335 6251.1400612109146 11017.955264735916 216071.74555344629 40012.950213069358 2680.9149522297939 -550.12201528885009 11317.316046855383 81615.074034176025 -4304.8209456822524 223917.18799999999 -20.921718068985498 132459.64170532228 7239.60139891575 40207.457782315214 -33363.891373355262 20955.587071267379 258311.60468750002 -4270.0845336154289 33066.794021068796 14050.857134985727 187545.87845134494 31396.566117992737 26025.562570874408
leaf_weight=139041 1349 53428 27 787 28 111 80 12634 7379 107 474 47258 33397 8385 266 49863 25 103755 72 31761 1293 95 1047 24 723 806 2539 79 228 2491
leaf_count=139041 1349 53428 27 787 28 111 80 12634 7379 107 474 47258 33397 8385 266 49863 25 103755 72 31761 1293 95 1047 24 723 806 2539 79 228 2491
internal_value=0 4490.89 22854.6 2925.9 133804 106299 180594 -2857.57 20848 32509.7 79055 2587.9 4114.99 5841.78 25696.4 -829.134 340097 -1411.44 52203.7 9318.22 15209.1 33568.2 36990.4 57691.4 26772.8 15411.7 22150.7 34569.5 71578.3 14805.6
internal_weight=0 194259 15255 179004 271 243 132 305293 14984 5114 653 177051 123623 90226 4461 166252 52 153618 546 42968 11207 1953 1858 811 2822 1529 4195 1656 307 9870
internal_count=499552 194259 15255 179004 271 243 132 305293 14984 5114 653 177051 123623 90226 4461 166252 52 153618 546 42968 11207 1953 1858 811 2822 1529 4195 1656 307 9870
is_linear=0
shrinkage=0.1


Tree=7
num_leaves=31
num_cat=0
split_feature=0 6 3 1 7 7 3 0 0 3 3 1 6 7 3 3 0 7 7 3 7 7 5 8 0 8 7 6 4 6
split_gain=5.19883e+14 4.51071e+14 3.54323e+14 1.40354e+14 1.33973e+14 2.08386e+14 1.24412e+14 1.04528e+14 9.77909e+13 8.4366e+13 1.52521e+14 8.07486e+13 6.16917e+13 5.81332e+13 5.10487e+13 4.87009e+13 4.41905e+13 3.85848e+13 1.01896e+14 9.54305e+13 3.69084e+13 1.0789e+14 8.96224e+13 3.36982e+13 4.8108e+13 7.38586e+13 7.72564e+13 4.20785e+13 3.15586e+13 3.10697e+13
threshold=2005.5000000000002 1.0000000180025095e-35 3.5000000000000004 5.5000000000000009 93.500000000000014 25.500000000000004 3.5000000000000004 2013.5000000000002 1999.5000000000002 1.5000000000000002 2.5000000000000004 1.5000000000000002 1.0000000180025095e-35 20.500000000000004 1.5000000000000002 2.5000000000000004 2016.5000000000002 81.500000000000014 87.500000000000014 1.5000000000000002 81.500000000000014 87.500000000000014 1.0000000180025095e-35 87.500000000000014 2015.5000000000002 49.500000000000007 108.50000000000001 21.500000000000004 1.0000000180025095e-35 12.500000000000002
decision_type=2 2 2 2 2 2 2 2 2 2 2 2 2 2 2 2 2 2 2 2 2 2 2 2 2 2 2 2 2 2
left_child=8 2 7 11 5 13 9 20 -1 -3 -11 -4 -10 -5 -14 -16 -13 -9 19 -19 -2 22 -22 24 25 29 -27 -28 -21 -8
right_child=1 6 3 4 -6 -7 23 17 12 10 -12 16 14 -15 15 -17 -18 18 -20 28 21 -23 -24 -25 -26 26 27 -29 -30 -31
leaf_value=-5149.9381312188061 7737.9984886830998 -139.18027024252251 227417.02110305062 182351.9970956308 349984.40765625006 47008.507464843751 5855.499322509766 19834.726611952596 3738.0996140092716 7536.5713501524415 -1563.5104894115336 -40056.108181583186 -3570.9685643660996 386255.7262998384 2508.3794760023779 -3827.5347959395303 74809.584448427151 264747.03316059726 27389.154900894275 56693.280706745587 151896.41710177952 12117.844527566251 42047.395795000863 15934.614411673138 24806.456739964164 322428.08725142048 191197.24244791668 -8989.6497023809534 180371.29218546551 81631.746228421121
leaf_weight=113824 15759 114027 21 27 35 100 96 7452 20947 49055 29490 68 87337 29 35484 18434 66 31 1414 147 90 3388 425 1079 515 22 21 21 24 124
leaf_count=113824 15759 114027 21 27 35 100 96 7452 20947 49055 29490 68 87337 29 35484 18434 66 31 1414 147 90 3388 425 1079 515 22 21 21 24 124
internal_value=0 3584.87 15201.9 115794 173169 133499 1847.78 13990.5 -2903.03 1597.99 4119.91 45092.7 -1326.28 287945 -2077.29 342.197 16519.5 22872.4 36880.1 103317 9894.17 18600.1 61244.3 27461.7 43028.2 76071.3 170622 91103.8 74051.6 48565.7
internal_weight=0 223526 29076 346 191 156 194450 28730 276026 192572 78545 155 162202 56 141255 53918 134 9068 1616 202 19662 3903 515 1878 799 284 64 42 171 220
internal_count=499552 223526 29076 346 191 156 194450 28730 276026 192572 78545 155 162202 56 141255 53918 134 9068 1616 202 19662 3903 515 1878 799 284 64 42 171 220
is_linear=0
shrinkage=0.1


Tree=8
num_leaves=31
num_cat=0
split_feature=0 8 3 5 7 1 3 3 0 5 3 1 7 5 7 7 5 7 7 6 6 6 6 7 6 6 3 3 4 8
split_gain=4.31712e+14 3.51701e+14 2.45246e+14 1.41531e+14 2.48735e+14 2.07263e+14 1.30517e+14 1.07757e+14 1.03802e+14 9.49214e+13 8.79493e+13 8.00869e+13 1.90822e+14 5.98796e+13 7.71649e+13 8.21327e+13 5.16601e+13 6.00779e+13 8.08373e+13 5.11987e+13 4.47356e+13 4.37781e+13 5.07914e+13 4.70093e+13 4.28748e+13 3.99638e+13 3.98173e+13 3.56641e+13 3.55393e+13 4.28916e+13
threshold=2002.5000000000002 1.0000000180025095e-35 3.5000000000000004 1.0000000180025095e-35 81.500000000000014 9.5000000000000018 3.5000000000000004 1.0000000180025095e-35 2012.5000000000002 1.0000000180025095e-35 1.5000000000000002 8.5000000000000018 25.500000000000004 1.0000000180025095e-35 81.500000000000014 87.500000000000014 1.0000000180025095e-35 81.500000000000014 87.500000000000014 9.5000000000000018 6.5000000000000009 7.5000000000000009 8.5000000000000018 119.50000000000001 1.0000000180025095e-35 1.0000000180025095e-35 1.5000000000000002 2.5000000000000004 1.0000000180025095e-35 101.50000000000001
decision_type=2 2 2 2 2 2 2 2 2 2 2 2 2 2 2 2 2 2 2 2 2 2 2 2 2 2 2 2 2 2
left_child=24 2 8 4 11 -5 7 -3 16 10 -9 12 -4 14 -10 -16 17 -2 -19 20 25 23 -23 -22 -1 -12 -26 -28 29 -8
right_child=1 6 3 5 -6 -7 28 9 13 -11 19 -13 -14 -15 15 -17 -18 18 -20 -21 21 22 -24 -25 26 -27 27 -29 -30 -31
leaf_value=58.36521222886595 12257.89359584784 -1733.0354730550841 414603.0301136364 -43630.410343251337 412742.45296415442 251020.36778564454 47456.050431836906 1521.3559406556583 30146.934852582974 -1129.563128718401 24756.22225793892 2634.1478600543483 52505.682503633725 17094.25333675434 214698.71600199855 63243.796867470432 4377.3508730692301 114976.014402771 27687.71901249055 4892.1103256361976 72646.106866991366 -4276.3707832383188 25085.306876871051 25323.434046013434 -5444.7617183726825 6369.8162012164503 -814.93628815185355 -6030.0704110744628 -32515.07740131579 16820.544528743303
leaf_weight=26871 5050 86323 22 94 34 32 811 74162 1871 51889 1319 46 43 4867 43 214 10312 128 620 48443 239 1142 1217 1725 104839 11394 46378 18282 95 1047
leaf_count=26871 5050 86323 22 94 34 32 811 74162 1871 51889 1319 46 43 4867 43 214 10312 128 620 48443 239 1142 1217 1725 104839 11394 46378 18282 95 1047
internal_value=0 2365.88 14149.5 108726 176093 31201.5 1381.43 1200.36 13040.2 2522.45 3879.5 103605 175062 23212.1 37204.5 88584.5 8623.52 16175.5 42624.8 6550.35 11265.7 20053.3 10871.2 31082.2 -3652.76 8277.44 -4241.09 -2289.47 27142.4 30192.7
internal_weight=0 303182 23376 271 145 126 279806 277853 23105 191530 139641 111 65 6995 2128 257 16110 5798 748 65479 17036 4323 2359 1964 196370 12713 169499 64660 1953 1858
internal_count=499552 303182 23376 271 145 126 279806 277853 23105 191530 139641 111 65 6995 2128 257 16110 5798 748 65479 17036 4323 2359 1964 196370 12713 169499 64660 1953 1858
is_linear=0
shrinkage=0.1


Tree=9
num_leaves=31
num_cat=0
split_feature=0 6 7 1 0 0 3 3 7 1 7 7 0 7 6 5 3 3 7 7 7 3 5 1 7 7 5 1 7 7
split_gain=3.65539e+14 3.32394e+14 2.64613e+14 1.96409e+14 8.38997e+13 7.7739e+13 7.74572e+13 7.11069e+13 2.63173e+14 1.24654e+14 1.17798e+14 2.0648e+14 1.05181e+14 6.18729e+13 7.46627e+13 6.01198e+13 4.11416e+13 3.04123e+13 2.98071e+13 2.87174e+13 7.49712e+13 6.11252e+13 2.8668e+13 3.19814e+13 2.84511e+13 8.67156e+13 6.26318e+13 2.90231e+13 2.84354e+13 1.64998e+14
threshold=2006.5000000000002 1.0000000180025095e-35 386.50000000000006 8.5000000000000018 2001.5000000000002 2013.5000000000002 3.5000000000000004 3.5000000000000004 96.500000000000014 5.5000000000000009 25.500000000000004 81.500000000000014 2015.5000000000002 89.500000000000014 12.500000000000002 1.0000000180025095e-35 1.5000000000000002 1.0000000180025095e-35 137.50000000000003 81.500000000000014 87.500000000000014 1.5000000000000002 1.0000000180025095e-35 10.500000000000002 81.500000000000014 87.500000000000014 1.0000000180025095e-35 8.5000000000000018 25.500000000000004 24.500000000000004
decision_type=2 2 2 2 2 2 2 2 2 2 2 2 2 2 2 2 2 2 2 2 2 2 2 2 2 2 2 2 2 2
left_child=4 2 5 -4 -1 24 13 19 9 -9 12 22 -11 -3 15 16 -15 -6 -16 28 21 -21 23 -12 -2 26 27 -26 29 -7
right_child=1 6 3 -5 17 7 -8 8 -10 10 11 -13 -14 14 18 -17 -18 -19 -20 20 -22 -23 -24 -25 25 -27 -28 -29 -30 -31
leaf_value=-3669.915351324069 7195.5300206207294 -999.77291305097845 90381.171651785728 459217.99831321026 -2486.6176911814964 16368.736838953664 21987.41711629882 27501.497821682606 -196149.77000768326 463170.8173828125 11926.474632352942 378881.40751488099 167112.16540364583 6775.8355039118487 5139.0919845331118 -192.92080455468579 15738.989131633789 681.62919807873539 258.7862648367007 217439.89236391132 23077.360007859639 64821.455978161554 -52315.332273706903 171290.736875 94877.616302083334 11352.577346915636 42501.155568791844 224550.17611607141 11750.838221340091 97039.811667151487
leaf_weight=166643 12699 60189 42 22 44725 2512 1878 134 34 20 34 21 30 15843 15865 8390 7567 93925 59265 31 1401 171 29 20 45 2710 339 28 4658 282
leaf_count=166643 12699 60189 42 22 44725 2512 1878 134 34 20 34 21 30 15843 15865 8390 7567 93925 59265 31 1401 171 29 20 45 2710 339 28 4658 282
internal_value=0 3391.13 14090.1 217169 -2157.79 13574.3 1791.83 20789.1 66967.6 98030.1 159399 98756.5 285536 1564.88 3008.48 7070.06 9673.07 -340.367 1289.35 19146.9 31289.1 88243.1 27881.6 70950.3 9298.17 17850.8 60594.1 144615 16535 24510.9
internal_weight=0 194259 25262 64 305293 25198 168997 9377 322 288 154 104 50 167119 106930 31800 23410 138650 75130 9055 1603 202 83 54 15821 3122 412 73 7452 2794
internal_count=499552 194259 25262 64 305293 25198 168997 9377 322 288 154 104 50 167119 106930 31800 23410 138650 75130 9055 1603 202 83 54 15821 3122 412 73 7452 2794
is_linear=0
shrinkage=0.1


Tree=10
num_leaves=31
num_cat=0
split_feature=0 6 7 1 0 5 3 8 7 7 3 8 3 8 7 7 1 6 6 6 5 3 7 0 8 7 7 0 8 3
split_gain=2.99774e+14 2.68811e+14 2.54837e+14 1.63176e+14 9.89635e+13 6.00758e+13 1.07394e+14 9.10974e+13 7.98611e+13 1.77457e+14 5.95306e+13 4.95432e+13 4.43667e+13 4.37542e+13 6.87331e+13 7.9357e+13 5.56675e+13 4.14162e+13 7.20402e+13 4.94723e+13 3.4784e+13 3.40197e+13 2.98996e+13 2.79399e+13 3.96008e+13 4.27815e+13 1.18407e+14 2.15212e+14 2.70292e+13 2.68777e+13
threshold=2009.5000000000002 1.0000000180025095e-35 386.50000000000006 8.5000000000000018 2001.5000000000002 1.0000000180025095e-35 1.5000000000000002 61.500000000000007 117.50000000000001 91.500000000000014 3.5000000000000004 1.0000000180025095e-35 1.0000000180025095e-35 61.500000000000007 81.500000000000014 87.500000000000014 4.5000000000000009 3.5000000000000004 7.5000000000000009 6.5000000000000009 1.0000000180025095e-35 1.5000000000000002 9.5000000000000018 2015.5000000000002 141.50000000000003 33.500000000000007 65.500000000000014 2014.5000000000002 1.0000000180025095e-35 2.5000000000000004
decision_type=2 2 2 2 2 2 2 2 2 2 2 2 2 2 2 2 2 2 2 2 2 2 2 2 2 2 2 2 2 2
left_child=4 2 5 -4 28 6 13 8 9 -8 17 29 -13 14 22 16 -16 -3 19 -19 21 -14 -2 24 25 -12 27 -27 -1 -6
right_child=1 10 3 -5 11 -7 7 -9 -10 -11 23 12 20 -15 15 -17 -18 18 -20 -21 -22 -23 -24 -25 -26 26 -28 -29 -30 -31
leaf_value=939.37128586565257 50078.705813038971 -2845.4370314418766 98924.423840691059 458898.21423583984 11183.549881462495 9472.3170843348926 80962.351139714185 29103.037993810205 -97609.489136904769 335599.46092447918 1334.0580331680624 -2718.0470324235166 -121.81047698457378 9458.708051467991 293785.86882440478 42575.022069303945 102397.06511363637 6131.1847289049938 1610.2830188712758 20212.896446360191 -2096.6766527092987 3807.6900784073791 16136.537527169341 11131.288577182024 9178.0061353136607 8097.5109675480771 46013.187593430746 411188.21571180556 -3685.2592660686082 2309.2751023005035
leaf_weight=13777 289 15508 34 20 5445 9926 312 648 21 30 94 57899 48057 3816 21 351 55 11647 87771 3175 33636 40684 2545 1233 286 26 208 27 152866 9145
leaf_count=13777 289 15508 34 20 5445 9926 312 648 21 30 94 57899 48057 3816 21 351 55 11647 87771 3175 33636 40684 2545 1233 286 26 208 27 152866 9145
internal_value=0 3964.23 15335.4 232248 -1513.75 14685.2 21082.7 51569.9 91676.1 103299 2251.75 16.293 -437.317 16727.4 25233.2 62635.1 155281 1971.15 2699.23 9147.61 641.742 1679.7 19597.8 19935.2 36870 59179.6 80012.9 213446 -3302.92 5621.16
internal_weight=0 138043 18068 54 361509 18014 8088 1011 363 342 119975 194866 180276 7077 3261 427 76 118101 102593 14822 122377 88741 2834 1874 641 355 261 53 166643 14590
internal_count=499552 138043 18068 54 361509 18014 8088 1011 363 342 119975 194866 180276 7077 3261 427 76 118101 102593 14822 122377 88741 2834 1874 641 355 261 53 166643 14590
is_linear=0
shrinkage=0.1


Tree=11
num_leaves=31
num_cat=0
split_feature=0 7 6 0 1 6 3 3 5 3 8 0 3 1 5 3 7 6 5 3 3 8 7 4 8 8 6 5 1 1
split_gain=2.51206e+14 3.25336e+14 1.69846e+14 1.01612e+14 7.29918e+13 7.21681e+13 4.47729e+13 4.40759e+13 4.09201e+13 6.60463e+13 5.24772e+13 6.25703e+13 1.01301e+14 6.56378e+13 3.33589e+13 3.48199e+13 2.83463e+13 4.22588e+13 3.27457e+13 2.81698e+13 5.92493e+13 3.97692e+13 2.66035e+13 2.63493e+13 2.70424e+13 3.72769e+13 6.28008e+13 2.54276e+13 2.55083e+13 4.30482e+13
threshold=2012.5000000000002 386.50000000000006 1.0000000180025095e-35 2001.5000000000002 8.5000000000000018 1.0000000180025095e-35 3.5000000000000004 1.0000000180025095e-35 1.0000000180025095e-35 1.5000000000000002 61.500000000000007 2015.5000000000002 3.5000000000000004 7.5000000000000009 1.0000000180025095e-35 1.5000000000000002 89.500000000000014 12.500000000000002 1.0000000180025095e-35 2.5000000000000004 1.5000000000000002 61.500000000000007 81.500000000000014 1.0000000180025095e-35 87.500000000000014 65.500000000000014 31.500000000000004 1.0000000180025095e-35 4.5000000000000009 5.5000000000000009
decision_type=2 2 2 2 2 2 2 2 2 2 2 2 2 2 2 2 2 2 2 2 2 2 2 2 2 2 2 2 2 2
left_child=3 2 8 -1 -3 19 16 -7 9 -2 11 12 -11 -14 15 -9 -4 18 -18 20 -5 22 -22 24 25 27 -27 28 -8 -30
right_child=1 4 6 5 -6 7 23 14 -10 10 -12 -13 13 -15 -16 -17 17 -19 -20 -21 21 -23 -24 -25 -26 26 -28 -29 29 -31
leaf_value=-2972.6313621000727 17748.43447648513 154715.84273437501 49.307083397867359 5909.8419275989645 424885.69968750002 -2570.7317055646267 8212.586837869163 -255.00201983346676 10564.088130340599 67773.813465185071 28956.315285478675 32135.167890812801 343113.07483258931 122460.83545673078 -2062.1446835032907 3368.5955868115861 11254.593351085852 2117.5326537210435 716.15965056026357 1788.7999922702302 49962.99097504971 17944.829796119444 157212.10329687499 -33948.498305876361 10566.199882005545 26122.890005896228 195894.5047086149 -9326.2523490646254 158151.14574652779 41958.266285317266
leaf_weight=166643 4431 20 28723 13911 20 65662 182 56289 6739 103 460 130 28 26 36198 50140 11002 36011 4028 15825 309 963 25 92 1040 53 37 147 36 279
leaf_count=166643 4431 20 28723 13911 20 65662 182 56289 6739 103 460 130 28 26 36198 50140 11002 36011 4028 15825 309 963 25 92 1040 53 37 147 36 279
internal_value=0 4670.48 4548.56 -1076.68 289801 243.488 2920.5 -426.798 15700.6 22385.6 49892 83447.5 125935 236873 560.217 1452.12 2562.29 3976.45 8430.32 4742.35 7815.73 28257.3 57990.6 18232.4 20938.5 35635.1 95917.9 27210.4 38017.1 55237.5
internal_weight=0 93587 93547 405965 40 239322 81630 208289 11917 5178 747 287 157 54 142627 106429 79764 51041 15030 31033 15208 1297 334 1866 1774 734 90 644 497 315
internal_count=499552 93587 93547 405965 40 239322 81630 208289 11917 5178 747 287 157 54 142627 106429 79764 51041 15030 31033 15208 1297 334 1866 1774 734 90 644 497 315
is_linear=0
shrinkage=0.1


Tree=12
num_leaves=31
num_cat=0
split_feature=0 6 7 8 0 7 7 3 7 7 7 3 3 3 7 1 7 7 7 3 3 5 5 0 0 3 3 3 3 3
split_gain=2.03987e+14 1.40571e+14 1.28563e+14 9.61674e+13 7.61033e+13 7.25477e+13 8.70943e+13 7.89759e+13 4.89932e+13 7.70043e+13 5.15602e+13 8.0521e+13 4.23713e+13 4.0035e+13 1.98899e+14 1.03307e+14 9.95854e+13 1.6156e+14 9.71758e+13 3.91625e+13 3.44689e+13 6.30455e+13 3.22573e+13 3.18118e+13 3.13927e+13 3.13464e+13 3.35465e+13 2.88866e+13 2.65727e+13 3.52553e+13
threshold=2013.5000000000002 1.0000000180025095e-35 386.50000000000006 1.0000000180025095e-35 2002.5000000000002 81.500000000000014 87.500000000000014 2.5000000000000004 28.500000000000004 24.500000000000004 25.500000000000004 2.5000000000000004 1.0000000180025095e-35 3.5000000000000004 96.500000000000014 5.5000000000000009 25.500000000000004 81.500000000000014 20.500000000000004 1.0000000180025095e-35 1.5000000000000002 1.0000000180025095e-35 1.0000000180025095e-35 2005.5000000000002 2012.5000000000002 2.5000000000000004 1.5000000000000002 1.5000000000000002 1.5000000000000002 2.5000000000000004
decision_type=2 2 2 2 2 2 2 2 2 2 2 2 2 2 2 2 2 2 2 2 2 2 2 2 2 2 2 2 2 2
left_child=3 2 13 5 28 8 7 12 9 25 11 23 -7 -2 15 -15 18 -18 -17 -6 -3 -22 27 -11 -13 26 -1 -21 -5 -30
right_child=1 20 -4 4 19 6 -8 -9 -10 10 -12 24 -14 14 -16 16 17 -19 -20 22 21 -23 -24 -25 -26 -27 -28 -29 29 -31
leaf_value=6149.1690550780922 14433.083292821868 1161.9457300947904 257687.79286221592 -3758.6228804424668 -2023.3431164467079 64170.683072500855 7288.6708167477555 22826.8783845012 -1960.8490634496754 58473.645458984378 3586.3249152663484 19547.359666710992 170942.40637718025 13113.466119111476 -178426.01677389708 120493.76736111111 14736.079442771086 325216.8092261905 400210.40271739132 290.82419061836356 9429.02116808141 -233.51696976578333 -1545.8925025393901 135344.68857792721 90349.229735576926 -3241.2059281668307 42925.769439971584 3611.0786591064712 270.51210582864729 -4598.4464295434655
leaf_weight=3491 9055 37411 22 111311 65799 274 5319 1263 14733 169 1224 1713 43 134 34 27 83 21 23 56595 17827 10870 38757 79 65 5167 267 48795 47287 21694
leaf_count=3491 9055 37411 22 111311 65799 274 5319 1263 14733 169 1224 1713 43 134 34 27 83 21 23 56595 17827 10870 38757 79 65 5167 267 48795 47287 21694
internal_value=0 4788.76 16231.8 -852.703 -1295.95 4263.76 13412.4 34027.6 1918.12 6612.06 19791.2 29581.2 78653.9 15665.3 50315.3 77319.5 133187 77429.3 249163 -1.84015 3161.83 5768.99 920.918 82960.8 22135.7 1812.95 8762.09 1828.08 -2802.91 -1260.74
internal_weight=0 75507 9399 424045 390238 33807 6899 1580 26908 12175 3250 2026 317 9377 322 288 154 104 50 209946 66108 28697 144147 248 1778 8925 3758 105390 180292 68981
internal_count=499552 75507 9399 424045 390238 33807 6899 1580 26908 12175 3250 2026 317 9377 322 288 154 104 50 209946 66108 28697 144147 248 1778 8925 3758 105390 180292 68981
is_linear=0
shrinkage=0.1


Tree=13
num_leaves=31
num_cat=0
split_feature=0 6 3 7 1 1 5 8 7 0 3 5 6 7 7 3 7 7 7 1 3 3 3 3 7 7 3 0 7 5
split_gain=1.70774e+14 1.58792e+14 1.33506e+14 8.77147e+13 5.4606e+13 9.95345e+13 4.6496e+14 1.41699e+14 6.09451e+13 5.0799e+13 4.1584e+13 7.16069e+13 3.45468e+13 3.43168e+13 1.14418e+14 6.4521e+13 5.10928e+13 3.96102e+13 3.34573e+13 3.34467e+13 3.12373e+13 2.70876e+13 2.8846e+13 2.60454e+13 2.49454e+13 2.17131e+14 7.92677e+13 2.85122e+13 2.67856e+13 2.8465e+13
threshold=2006.5000000000002 1.0000000180025095e-35 3.5000000000000004 131.50000000000003 5.5000000000000009 8.5000000000000018 1.0000000180025095e-35 87.500000000000014 24.500000000000004 1998.5000000000002 1.5000000000000002 1.0000000180025095e-35 1.0000000180025095e-35 81.500000000000014 87.500000000000014 2.5000000000000004 131.50000000000003 46.500000000000007 43.500000000000007 10.500000000000002 3.5000000000000004 1.5000000000000002 2.5000000000000004 2.5000000000000004 25.500000000000004 24.500000000000004 2.5000000000000004 2012.5000000000002 9.5000000000000018 1.0000000180025095e-35
decision_type=2 2 2 2 2 2 2 2 2 2 2 2 2 2 2 2 2 2 2 2 2 2 2 2 2 2 2 2 2 2
left_child=9 2 13 4 -4 6 -6 8 -7 -1 -3 20 -11 17 15 -15 23 18 24 -10 -12 -14 -23 -16 25 28 -27 -28 29 -2
right_child=1 10 3 -5 5 7 -8 -9 19 12 11 -13 21 14 16 -17 -18 -19 -20 -21 -22 22 -24 -25 -26 26 27 -29 -30 -31
leaf_value=-3516.1531917374668 40572.094735990599 -113.29713609516367 8018.7690047554352 226468.03168205495 489058.57566964283 -158179.26857244319 -92546.37323857061 264246.93529211957 108515.9669921875 2573.1781990059244 5073.3397266175962 -992.10813226803862 -2094.3627062022056 127338.04999315494 29532.972740971396 41882.797090103784 -7529.1815302133145 937.30947168440002 31335.530954852649 -26504.046220930235 19932.376324854784 1798.0213160186831 -2397.6204762120101 10271.526673314966 3575.7011154334164 155074.26693491996 33575.995060719004 73051.97138450951 3580.3655218328163 9274.2692040139791
leaf_weight=87122 431 98580 138 33 28 22 27 23 32 28705 42091 26862 116636 107 1108 507 1138 6947 713 43 1464 47931 24899 1916 4979 81 417 326 5354 892
leaf_count=87122 431 98580 138 33 28 22 27 23 32 28705 42091 26862 116636 107 1108 507 1138 6947 713 43 1464 47931 24899 1916 4979 81 417 326 5354 892
internal_value=0 2317.87 9712.71 71403.2 55054.5 92145.5 203543 41088.1 -11825.8 -1474.87 1212.47 3068.48 -659.723 8856.04 16477 56774.8 10532.1 7048.8 10266.9 31104.5 5572.79 -1149.52 363.622 17329 9063.23 12705.7 61137.3 50896.5 6728.84 19470.3
internal_weight=0 194259 25262 346 313 175 55 120 97 305293 168997 70417 218171 24916 4776 614 4162 20140 13193 75 43555 189466 72830 3024 12480 7501 824 743 6677 1323
internal_count=499552 194259 25262 346 313 175 55 120 97 305293 168997 70417 218171 24916 4776 614 4162 20140 13193 75 43555 189466 72830 3024 12480 7501 824 743 6677 1323
is_linear=0
shrinkage=0.1


Tree=14
num_leaves=31
num_cat=0
split_feature=0 6 7 0 8 7 7 5 7 7 7 3 3 5 6 6 3 5 3 0 1 3 3 6 6 6 7 3 7 3
split_gain=1.45679e+14 9.63055e+13 9.68599e+13 6.62184e+13 6.81389e+13 4.58031e+13 5.76955e+13 4.94052e+13 3.89801e+13 6.19711e+13 4.25693e+13 6.51172e+13 3.71377e+13 3.025e+13 3.5775e+13 4.92291e+13 2.9332e+13 2.76307e+13 4.26855e+13 1.18197e+14 1.76637e+14 2.52693e+13 2.75223e+13 2.46929e+13 4.8447e+13 2.59124e+13 2.43457e+13 2.26546e+13 2.83595e+13 2.7214e+13
threshold=2013.5000000000002 1.0000000180025095e-35 386.50000000000006 1999.5000000000002 1.0000000180025095e-35 81.500000000000014 87.500000000000014 1.0000000180025095e-35 28.500000000000004 24.500000000000004 25.500000000000004 2.5000000000000004 1.0000000180025095e-35 1.0000000180025095e-35 9.5000000000000018 5.5000000000000009 1.0000000180025095e-35 1.0000000180025095e-35 3.5000000000000004 2015.5000000000002 5.5000000000000009 2.5000000000000004 1.5000000000000002 3.5000000000000004 7.5000000000000009 6.5000000000000009 135.50000000000003 2.5000000000000004 131.50000000000003 1.0000000180025095e-35
decision_type=2 2 2 2 2 2 2 2 2 2 2 2 2 2 2 2 2 2 2 2 2 2 2 2 2 2 2 2 2 2
left_child=3 2 17 -1 5 8 7 16 9 21 11 -11 -6 14 15 -14 -7 18 -2 20 -20 22 -5 -3 25 -25 -17 28 29 -8
right_child=1 23 -4 4 12 6 27 -9 -10 10 -12 -13 13 -15 -16 26 -18 -19 19 -21 -22 -23 -24 24 -26 -27 -28 -29 -30 -31
leaf_value=-2783.6141915019643 17045.365542802774 -2200.0254521922161 223099.31988636364 7591.6199115432073 -2077.0522356954434 63404.678430409032 22046.583891378228 24407.616067515442 -1076.4147771176129 90439.14968361659 4443.7651159664665 24706.686742500846 1191.7477673283513 -1718.836521702754 79.633240244351782 15781.202354787945 169848.15504918253 8294.5260282444888 -41169.803532608697 7841.6476042918675 308244.3125 -2367.1448169154996 47436.546575013839 7800.8151328324529 2285.924646341703 21935.004270697638 6037.791269153784 3699.082772693575 -7949.4300548759247 71795.978031264254
leaf_weight=113824 3870 8899 22 2376 90001 157 557 867 10752 171 865 1270 29722 50962 101158 3370 31 5328 23 117 39 3775 187 6412 49171 1626 10729 2893 241 137
leaf_count=113824 3870 8899 22 2376 90001 157 557 867 10752 171 865 1270 29722 50962 101158 3370 31 5328 23 117 39 3775 187 6412 49171 1626 10729 2893 241 137
internal_value=0 4046.88 13518.4 -720.601 36.3441 5122.45 13779 34484.6 2943.14 7942.94 21980.2 32507 -395.511 376.866 1113.53 3500.22 80956.5 13026.6 19253.6 66994.9 178623 2835.65 10498.8 2700.25 3462.5 10660 8366.7 8072.53 21604.5 31867.4
internal_weight=0 75507 9399 424045 310221 24279 4883 1055 19396 8644 2306 1441 285942 195941 144979 43821 188 9377 4049 179 62 6338 2563 66108 57209 8038 14099 3828 935 694
internal_count=499552 75507 9399 424045 310221 24279 4883 1055 19396 8644 2306 1441 285942 195941 144979 43821 188 9377 4049 179 62 6338 2563 66108 57209 8038 14099 3828 935 694
is_linear=0
shrinkage=0.1


Tree=15
num_leaves=31
num_cat=0
split_feature=0 7 6 1 0 6 7 6 5 3 3 7 3 7 7 7 3 8 0 1 5 3 5 3 8 7 0 8 8 8
split_gain=1.18927e+14 2.0262e+14 7.79825e+13 6.80267e+13 5.1055e+13 4.97636e+13 3.54413e+13 4.64335e+13 3.44715e+13 2.95179e+13 5.72537e+13 2.92786e+13 9.64397e+13 5.96531e+13 5.71408e+13 3.34501e+13 5.13424e+13 3.72944e+13 9.87873e+13 9.25008e+13 3.12045e+13 9.14495e+13 2.91386e+13 2.70324e+13 2.6072e+13 2.44046e+13 2.37119e+13 3.05773e+13 3.58582e+13 8.5036e+13
threshold=2012.5000000000002 386.50000000000006 1.0000000180025095e-35 8.5000000000000018 1998.5000000000002 1.0000000180025095e-35 89.500000000000014 12.500000000000002 1.0000000180025095e-35 2.5000000000000004 1.5000000000000002 131.50000000000003 3.5000000000000004 81.500000000000014 87.500000000000014 46.500000000000007 3.5000000000000004 99.500000000000014 2015.5000000000002 5.5000000000000009 1.0000000180025095e-35 3.5000000000000004 1.0000000180025095e-35 3.5000000000000004 61.500000000000007 68.500000000000014 2015.5000000000002 141.50000000000003 9.5000000000000018 15.500000000000002
decision_type=2 2 2 2 2 2 2 2 2 2 2 2 2 2 2 2 2 2 2 2 2 2 2 2 2 2 2 2 2 2
left_child=4 2 11 -3 -1 9 -7 8 -8 10 -6 13 -13 15 22 16 -2 18 19 -18 21 -16 -15 -4 25 -12 27 28 -25 -30
right_child=1 3 23 -5 5 6 7 -9 -10 -11 24 12 -14 14 20 -17 17 -19 -20 -21 -22 -23 -24 26 -26 -27 -28 -29 29 -31
leaf_value=-2886.1764175268668 11506.77699667361 97822.549765625008 1735.8321524607763 358641.92816406256 4123.1889010216582 -2142.5721293389865 4263.5104322064972 -825.91902704446591 -1686.739681795038 430.42528599552975 30248.443955817424 -3424.1659967137139 -217280.78046875002 143762.40395720111 32182.272203817 748.04638183421275 12504.488504464287 159756.06011029414 -22239.339690755209 263253.3030745968 9800.5342433493988 245552.35360863098 56480.613350727916 -8633.9585651676825 15650.991127331858 83607.109558645607 5834.9837680801184 5045.8452940808502 235231.99557291667 48164.488219360857
leaf_weight=87122 6188 20 79764 20 18993 100285 38196 125282 13067 21236 355 508 22 46 462 3384 28 34 90 31 876 21 227 82 1316 113 1233 281 27 243
leaf_count=87122 6188 20 79764 20 18993 100285 38196 125282 13067 21236 355 508 22 46 462 3384 28 34 90 31 876 21 227 82 1316 113 1233 281 27 243
internal_value=0 3213.55 3117.34 228232 -740.82 -154.614 -641.304 211.479 2746.78 3052.26 5732.02 10673.9 -12301.2 11743.3 29438.9 8782.83 13050.6 65252.2 43687.5 144254 21052.3 41459.2 71187.4 2014.17 22860.1 43132.1 13911.9 29644.8 49282 66871.2
internal_weight=0 93587 93547 40 405965 318843 276830 176545 51263 42013 20777 11917 530 11387 1632 9755 6371 183 149 59 1359 483 273 81630 1784 468 1866 633 352 270
internal_count=499552 93587 93547 40 405965 318843 276830 176545 51263 42013 20777 11917 530 11387 1632 9755 6371 183 149 59 1359 483 273 81630 1784 468 1866 633 352 270
is_linear=0
shrinkage=0.1


Tree=16
num_leaves=31
num_cat=0
split_feature=0 8 7 1 5 3 7 7 0 3 3 5 3 0 0 1 3 7 1 7 7 7 0 6 3 0 3 7 7 5
split_gain=1.01982e+14 8.38432e+13 8.09618e+13 1.34952e+14 5.54385e+13 7.51565e+13 7.20866e+13 1.42184e+14 1.2488e+14 4.13051e+13 3.84183e+13 3.54212e+13 3.41534e+13 2.89249e+13 2.67381e+13 2.24547e+13 2.11297e+13 7.18654e+13 2.64941e+13 2.02975e+13 2.26549e+13 1.96938e+13 1.95133e+13 2.06747e+13 2.02939e+13 1.88221e+13 1.72435e+13 1.70453e+13 3.28486e+13 2.73282e+13
threshold=2004.5000000000002 1.0000000180025095e-35 386.50000000000006 9.5000000000000018 1.0000000180025095e-35 1.0000000180025095e-35 81.500000000000014 96.500000000000014 2014.5000000000002 1.0000000180025095e-35 2.5000000000000004 1.0000000180025095e-35 1.5000000000000002 2011.5000000000002 2014.5000000000002 5.5000000000000009 3.5000000000000004 93.500000000000014 9.5000000000000018 81.500000000000014 131.50000000000003 9.5000000000000018 1997.5000000000002 1.0000000180025095e-35 1.5000000000000002 2009.5000000000002 2.5000000000000004 81.500000000000014 87.500000000000014 1.0000000180025095e-35
decision_type=2 2 2 2 2 2 2 2 2 2 2 2 2 2 2 2 2 2 2 2 2 2 2 2 2 2 2 2 2 2
left_child=22 2 4 15 5 19 25 8 10 -3 13 12 -11 -8 -14 -4 -6 18 -18 21 -21 -2 -1 27 -25 -7 -26 -24 29 -29
right_child=1 9 3 -5 16 6 7 -9 -10 11 -12 -13 14 -15 -16 -17 17 -19 -20 20 -22 -23 23 24 26 -27 -28 28 -30 -31
leaf_value=-2927.4732379124703 25033.02571276086 -1132.5969239164665 84415.235145786835 327094.64762369794 3902.2246498577133 13970.457763718527 91235.024680019953 -37921.772576032366 349117.80196814908 1063.8228984573811 -18013.78689778646 -647.81431418199736 3281.0316816974755 228093.5641983696 8457.8923217848042 -50589.281689453128 -31373.116046820745 -197185.01805366849 88114.754249999998 33208.437562914456 -11397.730443996854 2782.5253703719027 528.0663571030932 -2191.6427347658077 1228.2384887050109 34916.481736213413 -2341.2808765950299 67878.336254148555 3655.0656154240896 17611.620240891742
leaf_weight=63685 448 69116 28 21 12518 785 47 56 26 60315 21 43171 42190 23 13067 22 72 23 25 544 144 3549 20565 100897 42825 946 19786 133 3925 579
leaf_count=63685 448 69116 28 21 12518 785 47 56 26 60315 21 43171 42190 23 13067 22 72 23 25 544 144 3549 20565 100897 42825 946 19786 133 3925 579
internal_value=0 1443.86 7772.71 114361 7379.1 14815.8 31568.9 93117.6 155837 907.856 100614 1796.26 2709.22 136203 4505.24 25013.2 3501.88 -38260.4 -577.273 8007.28 23872.3 5276.45 -1413.9 -903.104 -1314.04 25417.6 100.218 1762.99 7239.83 27001.3
internal_weight=0 247157 19298 71 19227 6589 1904 173 117 227859 91 158743 115572 70 55257 50 12638 120 97 4685 688 3997 252395 188710 163508 1731 62611 25202 4637 712
internal_count=499552 247157 19298 71 19227 6589 1904 173 117 227859 91 158743 115572 70 55257 50 12638 120 97 4685 688 3997 252395 188710 163508 1731 62611 25202 4637 712
is_linear=0
shrinkage=0.1


Tree=17
num_leaves=31
num_cat=0
split_feature=0 7 6 8 3 1 3 3 7 7 3 5 6 6 8 7 3 7 7 7 0 0 6 6 6 7 7 7 0 7
split_gain=8.79347e+13 6.10021e+13 4.82506e+13 4.48737e+13 5.69157e+13 8.00925e+13 3.89941e+13 6.51827e+13 5.41064e+13 5.7673e+13 3.84582e+13 2.9481e+13 3.33179e+13 4.54916e+13 2.90523e+13 2.77301e+13 2.66494e+13 2.1029e+13 3.13176e+13 6.41335e+13 2.41219e+13 2.05961e+13 2.05543e+13 2.5239e+13 1.95366e+13 2.48789e+13 1.83882e+13 1.71546e+13 1.70809e+13 1.6018e+13
threshold=2014.5000000000002 371.50000000000006 1.0000000180025095e-35 1.0000000180025095e-35 3.5000000000000004 7.5000000000000009 2.5000000000000004 1.5000000000000002 81.500000000000014 87.500000000000014 1.0000000180025095e-35 1.0000000180025095e-35 9.5000000000000018 5.5000000000000009 284.50000000000006 68.500000000000014 1.0000000180025095e-35 28.500000000000004 24.500000000000004 25.500000000000004 2005.5000000000002 2009.5000000000002 21.500000000000004 37.500000000000007 1.0000000180025095e-35 161.50000000000003 135.50000000000003 9.5000000000000018 2002.5000000000002 131.50000000000003
decision_type=2 2 2 2 2 2 2 2 2 2 2 2 2 2 2 2 2 2 2 2 2 2 2 2 2 2 2 2 2 2
left_child=3 2 -2 4 6 -6 7 8 17 16 -5 12 13 24 -15 -9 -10 18 27 20 -20 -17 -14 28 -12 -26 -16 -1 -24 -11
right_child=1 -3 -4 10 5 -7 -8 15 9 29 11 -13 22 14 26 21 -18 -19 19 -21 -22 -23 23 -25 25 -27 -28 -29 -30 -31
leaf_value=14832.782257796414 11798.262828418257 121526.21431718307 2614.070364388549 -2190.916533862804 -14617.739578125002 241133.82050781252 176.6416761970732 25557.098415144381 50420.702476690887 19495.850473089489 4962.5186492771372 -1886.5736722853553 -1992.7373475476886 2913.0727712815356 16819.405683303608 54133.921011880288 145260.17780243847 -561.50628716902861 45874.258560389171 7662.8902163733255 111723.47013442096 139396.47677137586 179.34357196749821 -976.8725108957417 -1786.3668976617237 4870.8717848265869 7295.0792207188224 -194.10179984043464 4093.2602359493571 -5292.7873495379063
leaf_weight=1081 6513 44 47001 128248 25 24 21839 510 290 1013 8117 69731 50057 11783 3012 133 33 6853 161 578 85 36 21097 53033 28509 6990 6199 2556 23650 351
leaf_count=1081 6513 44 47001 128248 25 24 21839 510 290 1013 8117 69731 50057 11783 3012 133 33 6853 161 578 85 36 21097 53033 28509 6990 6199 2556 23650 351
internal_value=0 3828.62 3731.85 -459.767 2947.6 110648 2799.02 6985.44 5407.94 22114.5 -755.053 -102.463 483.132 2377.46 6202.1 37190.3 60110.2 2916.87 8260.37 25863.4 68627 72296.4 -344.756 498.903 536.515 -475.51 10409.5 4272.23 2247.95 13117
internal_weight=0 53558 53514 445994 35568 49 35519 13680 13001 1687 410426 282178 212447 64610 20994 679 323 11314 4461 824 246 169 147837 97780 43616 35499 9211 3637 44747 1364
internal_count=499552 53558 53514 445994 35568 49 35519 13680 13001 1687 410426 282178 212447 64610 20994 679 323 11314 4461 824 246 169 147837 97780 43616 35499 9211 3637 44747 1364
is_linear=0
shrinkage=0.1


Tree=18
num_leaves=31
num_cat=0
split_feature=0 3 7 6 6 6 6 4 7 6 7 7 1 7 7 6 1 0 7 8 8 7 7 7 7 7 3 4 6 6
split_gain=7.49636e+13 5.88312e+13 4.81428e+14 4.76601e+13 3.26611e+13 5.68123e+13 4.75614e+13 3.25935e+13 3.46592e+13 9.39985e+13 3.88869e+13 7.18437e+13 5.3869e+13 3.44033e+13 3.47044e+13 3.1338e+13 2.88757e+13 8.73932e+13 5.02256e+13 4.24237e+13 7.202e+13 2.65638e+13 5.23549e+13 4.47381e+13 2.85315e+13 3.12039e+13 2.78851e+13 2.35909e+13 2.27941e+13 2.74761e+13
threshold=2004.5000000000002 3.5000000000000004 360.50000000000006 1.0000000180025095e-35 3.5000000000000004 7.5000000000000009 6.5000000000000009 1.0000000180025095e-35 94.500000000000014 1.0000000180025095e-35 24.500000000000004 25.500000000000004 11.500000000000002 21.500000000000004 19.500000000000004 1.0000000180025095e-35 1.5000000000000002 2016.5000000000002 89.500000000000014 7.5000000000000009 15.500000000000002 131.50000000000003 81.500000000000014 87.500000000000014 46.500000000000007 43.500000000000007 2.5000000000000004 1.0000000180025095e-35 79.500000000000014 21.500000000000004
decision_type=2 2 2 2 2 2 2 2 2 2 2 2 2 2 2 2 2 2 2 2 2 2 2 2 2 2 2 2 2 2
left_child=-1 3 7 21 -5 6 -6 8 10 -10 12 -12 13 14 15 -3 17 -13 19 -18 -21 22 24 26 25 -2 -24 -28 29 -7
right_child=1 2 -4 4 5 28 -8 -9 9 -11 11 16 -14 -15 -16 -17 18 -19 -20 20 -22 -23 23 -25 -26 -27 27 -29 -30 -31
leaf_value=-1212.218323913225 4938.4996312908133 -93539.842617187503 493965.01114211307 -2542.6394483207823 3115.4142825785611 -891.83362840154882 13446.09616168406 -41484.519386160719 -170758.21022135418 8609.7305255552401 184302.31636718751 243825.57783203127 119289.70448133681 -133484.32946428572 107047.78747106482 2423.5081975568805 -25398.520926610974 -35512.317801339283 143879.44410129124 164622.80229611282 23376.151196450748 -8633.1748682934322 77729.019033061602 10692.680734966736 -1032.4252385468792 23726.235033348279 24025.047726997102 116323.56718750001 -3066.1566798114404 1947.1563873274984
leaf_weight=252395 15917 40 21 29392 20558 58735 5690 105 30 1119 35 24 36 21 27 228 138 21 36 41 302 1426 138 3851 8841 936 614 29 17561 81245
leaf_count=252395 15917 40 21 29392 20558 58735 5690 105 30 1119 35 24 36 21 27 228 138 21 36 41 302 1426 138 3851 8841 936 614 29 17561 81245
internal_value=0 1237.91 17428.9 1090.89 552.544 1047.53 5354.88 12886.3 15607.5 3926.49 29750.2 45293.9 3387.83 -9816.19 -1012.69 -11899.4 36636.7 113468 29949.3 21422.3 40259.9 4705.35 5332.56 15118.5 3568.39 5981.95 36941.6 28187.8 329.883 755.929
internal_weight=0 247157 2224 244933 213181 183789 26248 2203 2098 1149 949 597 352 316 295 268 562 45 517 481 343 31752 30326 4632 25694 16853 781 643 157541 139980
internal_count=499552 247157 2224 244933 213181 183789 26248 2203 2098 1149 949 597 352 316 295 268 562 45 517 481 343 31752 30326 4632 25694 16853 781 643 157541 139980
is_linear=0
shrinkage=0.1


Tree=19
num_leaves=31
num_cat=0
split_feature=0 6 0 3 1 5 7 7 1 1 8 3 1 5 3 7 0 7 1 8 6 1 5 3 6 6 7 7 1 0
split_gain=6.55986e+13 4.33082e+13 3.58541e+13 3.46789e+13 4.95246e+13 6.01466e+13 3.56736e+14 6.49011e+13 4.32441e+13 3.27924e+13 3.03369e+13 3.90447e+13 6.37674e+13 3.09229e+13 4.24119e+13 3.26509e+13 4.39064e+13 2.88121e+13 2.69525e+13 2.50909e+13 2.6303e+13 2.21453e+13 1.73881e+13 2.77546e+13 2.02794e+13 1.89718e+13 1.6155e+13 1.68381e+13 2.59819e+13 2.82381e+13
threshold=2014.5000000000002 1.0000000180025095e-35 2000.5000000000002 3.5000000000000004 11.500000000000002 1.0000000180025095e-35 91.500000000000014 93.500000000000014 6.5000000000000009 8.5000000000000018 1.0000000180025095e-35 3.5000000000000004 7.5000000000000009 1.0000000180025095e-35 1.0000000180025095e-35 68.500000000000014 2009.5000000000002 35.500000000000007 5.5000000000000009 135.50000000000003 80.500000000000014 3.5000000000000004 1.0000000180025095e-35 1.5000000000000002 12.500000000000002 6.5000000000000009 81.500000000000014 91.500000000000014 4.5000000000000009 2008.5000000000002
decision_type=2 2 2 2 2 2 2 2 2 2 2 2 2 2 2 2 2 2 2 2 2 2 2 2 2 2 2 2 2 2
left_child=2 3 -1 -2 5 6 8 9 21 -7 11 13 -13 14 26 -16 -17 -10 -18 -12 22 -5 23 -21 25 -25 -4 28 29 -28
right_child=1 -3 10 4 -6 7 -8 -9 17 -11 19 12 -14 -15 15 16 18 -19 -20 20 -22 -23 -24 24 -26 -27 27 -29 -30 -31
leaf_value=-1729.3044435717359 9384.1955469206696 2247.8346025388928 1819.672968130769 6216.9507512019236 171346.78125 -17690.55321377841 409620.36042668275 -161452.10692608173 -148859.82916666669 120967.79021739132 -989.05362206822997 -18979.223687500002 209223.98216145835 751.38603681842017 12641.315017476516 24293.682443510017 25574.942093829723 1726.349189814815 115957.89710657101 716.05946503300459 -3614.0016108086597 125362.56999699521 -1107.8191390331156 4416.2469135410674 2434.6060438171758 12647.996895444827 40728.218875558036 9948.1163018152456 18924.651754261366 194128.95029761907
leaf_weight=139041 6238 47035 5328 39 28 66 26 26 24 23 146961 25 24 15367 1760 470 49 27 101 66616 11810 26 23764 7312 21950 4537 28 720 110 21
leaf_count=139041 6238 47035 5328 39 28 66 26 26 24 23 146961 25 24 15367 1760 470 49 27 101 66616 11810 26 23764 7312 21950 4537 28 720 110 21
internal_value=0 3306.81 -397.104 10942.7 45054.8 31295.4 74830.9 -22461.5 -208.074 18142.5 206.345 3619.62 92793.8 3437.21 8243.66 19593.1 39327.3 -69137.7 86432.8 -83.208 895.724 53875.2 1324.62 1900.28 4234.3 7568.2 3891.84 16452.2 45904.5 106471
internal_weight=0 53558 445994 6523 285 257 142 115 116 89 306953 24003 49 23954 8587 2380 620 51 150 282950 135989 65 124179 100415 33799 11849 6207 879 159 49
internal_count=499552 53558 445994 6523 285 257 142 115 116 89 306953 24003 49 23954 8587 2380 620 51 150 282950 135989 65 124179 100415 33799 11849 6207 879 159 49
is_linear=0
shrinkage=0.1


Tree=20
num_leaves=31
num_cat=0
split_feature=0 8 5 3 7 7 1 3 7 0 6 7 6 5 7 7 5 1 7 7 7 3 5 7 8 7 1 1 6 6
split_gain=5.39076e+13 3.77571e+13 5.08794e+13 8.68795e+13 1.94254e+14 5.40857e+13 1.40254e+14 2.80018e+13 4.96699e+13 2.7105e+13 2.51705e+13 2.27832e+13 3.25623e+13 2.24264e+13 2.01389e+13 4.47658e+13 2.00879e+13 2.1107e+13 1.98757e+13 2.35995e+13 1.98001e+13 1.81352e+13 2.17654e+13 1.76589e+13 1.7631e+13 1.72513e+13 1.70708e+13 1.5956e+13 1.58534e+13 2.45358e+13
threshold=2013.5000000000002 1.0000000180025095e-35 1.0000000180025095e-35 3.5000000000000004 93.500000000000014 51.500000000000007 8.5000000000000018 3.5000000000000004 93.500000000000014 1998.5000000000002 1.0000000180025095e-35 89.500000000000014 12.500000000000002 1.0000000180025095e-35 81.500000000000014 87.500000000000014 1.0000000180025095e-35 8.5000000000000018 46.500000000000007 43.500000000000007 137.50000000000003 1.0000000180025095e-35 1.0000000180025095e-35 81.500000000000014 42.500000000000007 96.500000000000014 9.5000000000000018 7.5000000000000009 9.5000000000000018 3.5000000000000004
decision_type=2 2 2 2 2 2 2 2 2 2 2 2 2 2 2 2 2 2 2 2 2 2 2 2 2 2 2 2 2 2
left_child=9 2 3 23 5 6 -5 -4 26 -1 14 -12 13 24 18 16 17 -16 19 -11 -14 -3 28 -2 -13 27 -9 -25 29 -23
right_child=1 21 7 4 -6 -7 -8 8 -10 10 11 12 20 -15 15 -17 -18 -19 -20 -21 -22 22 -24 25 -26 -27 -28 -29 -30 -31
leaf_value=-2010.5948292718567 14296.481544367027 -672.03113448349882 5520.710007841024 222450.51837402346 366294.91847826092 -34492.055435505317 -79484.836624999996 -32938.479294162324 -159963.39835379465 2066.7203952838377 -1542.8982225979878 -3113.8922896055542 1899.2348838572602 -1125.780605559215 30392.438427734378 3615.779186569353 18336.473350531131 96645.000137544019 -2073.360648824289 15466.224286806166 -1160.9391394503907 2223.819357329528 -544.57332020943636 102024.45181725544 4197.7071058385773 13067.571314072027 64446.287500000006 17480.841231652463 2808.9713120883616 11954.068227436792
leaf_weight=87122 1423 20524 3781 40 23 47 25 72 28 22229 105639 3622 26410 13788 149 7254 980 71 12488 1397 106027 4832 13571 69 36869 82 24 33 25344 5589
leaf_count=87122 1423 20524 3781 40 23 47 25 72 28 22229 105639 3622 26410 13788 149 7254 980 71 12488 1397 106027 4832 13571 69 36869 82 24 33 25344 5589
internal_value=0 2461.77 10327 24538.8 101589 47230.1 106322 3987.19 -42772.9 -438.351 -31.7985 -369.27 294.738 2357.53 2181.93 6575.45 24466.7 51773.9 1153.44 2859.03 -550.693 1826 2865.19 18066 3543.67 47217.9 -8592.29 74672.1 4159.02 7442.36
internal_weight=0 75507 5647 1742 135 112 65 3905 124 424045 336923 292355 186716 54279 44568 8454 1200 220 36114 23626 132437 69860 49336 1607 40491 184 96 102 35765 10421
internal_count=499552 75507 5647 1742 135 112 65 3905 124 424045 336923 292355 186716 54279 44568 8454 1200 220 36114 23626 132437 69860 49336 1607 40491 184 96 102 35765 10421
is_linear=0
shrinkage=0.1


Tree=21
num_leaves=31
num_cat=0
split_feature=0 3 7 6 6 6 6 6 6 4 7 7 8 5 7 7 1 7 7 6 1 0 8 8 6 6 7 7 7 7
split_gain=4.60584e+13 3.98049e+13 3.7615e+14 2.71305e+13 2.75838e+13 4.68483e+13 4.00254e+13 2.55552e+13 5.51875e+13 2.37723e+13 2.59498e+13 4.9685e+13 1.14179e+14 4.35684e+13 2.53221e+13 5.88739e+13 4.23627e+13 2.93858e+13 2.70347e+13 2.75865e+13 2.62567e+13 2.96806e+13 3.67469e+13 7.90369e+13 2.2769e+13 4.07278e+13 2.2269e+13 4.13959e+13 3.26355e+13 2.45694e+13
threshold=2002.5000000000002 3.5000000000000004 360.50000000000006 1.0000000180025095e-35 3.5000000000000004 7.5000000000000009 6.5000000000000009 8.5000000000000018 9.5000000000000018 1.0000000180025095e-35 68.500000000000014 59.500000000000007 71.500000000000014 1.0000000180025095e-35 24.500000000000004 25.500000000000004 11.500000000000002 21.500000000000004 19.500000000000004 1.0000000180025095e-35 1.5000000000000002 2014.5000000000002 7.5000000000000009 16.500000000000004 21.500000000000004 48.500000000000007 131.50000000000003 81.500000000000014 87.500000000000014 25.500000000000004
decision_type=2 2 2 2 2 2 2 2 2 2 2 2 2 2 2 2 2 2 2 2 2 2 2 2 2 2 2 2 2 2
left_child=-1 3 9 26 -5 6 -6 -7 -9 10 11 14 -13 -12 16 -16 17 18 19 -3 -17 -22 -23 -24 -10 -26 27 29 -29 -2
right_child=1 2 -4 4 5 7 -8 8 24 -11 13 12 -14 -15 15 20 -18 -19 -20 -21 21 22 23 -25 25 -27 -28 28 -30 -31
leaf_value=-1193.103690804988 5896.331302018747 -88199.684204101562 435323.73869047622 -2233.3472164155328 2423.5643455243307 -5906.6168824695606 11067.963787120834 9360.678898018823 -1581.4473816934023 -36347.425738467267 12874.213835848084 271854.67884615384 -12305.168989415324 -32802.566791935191 162862.62850446429 127791.83750000001 104361.13205329048 -124423.9822544643 93382.237673611118 1836.7561279296876 -61766.690305830794 -25819.889031250001 196376.42495265152 20106.750439893018 2469.0020325632504 -1210.7318418120651 -7898.8514521761681 28197.422865919205 8074.9647484193383 110.23619382423513
leaf_weight=196370 11649 40 21 36705 24772 6745 6834 6571 58968 105 1114 26 31 257 35 23 36 21 27 228 41 75 33 111 66848 54684 1745 976 4627 19834
leaf_count=196370 11649 40 21 36705 24772 6745 6834 6571 58968 105 1114 26 31 257 35 23 36 21 27 228 41 75 33 111 66848 54684 1745 976 4627 19834
internal_value=0 772.769 14101.9 674.271 308.836 722.775 4292.7 140.619 358.658 10086.6 12410.6 27683.2 117312 4311.9 20058.1 40511.8 1580.14 -10129.1 -1992.84 -11601.5 25380.1 16320.6 30939.6 60501.9 30.944 813.285 3141.12 3660.58 11580.1 2251.14
internal_weight=0 303182 2224 300958 262127 225422 31606 193816 187071 2203 2098 727 57 1371 670 318 352 316 295 268 283 260 219 144 180500 121532 38831 37086 5603 31483
internal_count=499552 303182 2224 300958 262127 225422 31606 193816 187071 2203 2098 727 57 1371 670 318 352 316 295 268 283 260 219 144 180500 121532 38831 37086 5603 31483
is_linear=0
shrinkage=0.1


Tree=22
num_leaves=31
num_cat=0
split_feature=0 7 3 5 8 3 0 6 6 8 6 3 8 8 7 7 6 8 7 7 1 0 6 6 7 6 4 7 7 7
split_gain=4.16514e+13 2.937e+13 2.55679e+13 2.46575e+13 6.78945e+13 2.5846e+13 2.48454e+13 2.38836e+13 1.86689e+13 2.60005e+13 1.88981e+13 1.67233e+13 6.96498e+13 1.60078e+13 1.51146e+13 1.59093e+13 1.47406e+13 1.43688e+13 1.95296e+13 1.79402e+13 1.36052e+13 1.9094e+13 1.2998e+13 1.72722e+13 2.275e+13 2.19992e+13 1.29654e+13 1.27872e+13 2.50391e+13 3.58023e+13
threshold=2014.5000000000002 371.50000000000006 1.0000000180025095e-35 1.0000000180025095e-35 1.0000000180025095e-35 1.5000000000000002 2009.5000000000002 1.0000000180025095e-35 12.500000000000002 51.500000000000007 21.500000000000004 3.5000000000000004 137.50000000000003 886.50000000000011 81.500000000000014 91.500000000000014 88.500000000000014 1.0000000180025095e-35 81.500000000000014 87.500000000000014 1.5000000000000002 2012.5000000000002 6.5000000000000009 7.5000000000000009 119.50000000000001 8.5000000000000018 1.0000000180025095e-35 28.500000000000004 24.500000000000004 25.500000000000004
decision_type=2 2 2 2 2 2 2 2 2 2 2 2 2 2 2 2 2 2 2 2 2 2 2 2 2 2 2 2 2 2
left_child=2 7 17 4 6 -6 14 -2 9 -7 -10 13 -13 22 -4 -16 -12 18 27 20 -20 -22 -11 24 -24 -25 -19 28 -1 -30
right_child=1 -3 3 -5 5 8 -8 -9 10 11 16 12 -14 -15 15 -17 -18 26 19 -21 21 -23 23 25 -26 -27 -28 -29 29 -31
leaf_value=1320.9634878095871 8243.0096092399835 84302.142680220175 7975.0012758008488 -1185.2092344885921 -505.19728793885218 -1396.0536913734377 31628.33146794331 1781.4113223004204 -1801.9278934921322 3067.7631879275955 2476.2848824407001 206605.52455357145 -10411.811068359377 29996.156115357517 82802.206350097666 21320.906749684113 -2982.8504191565753 -1985.9832516773567 98916.710577799488 7367.8765432934888 35617.571095377607 -66080.871250000011 36793.561403947031 -6782.332721703644 10768.5088329997 7938.359022745879 2237.2440818470291 -2542.8511671001379 56917.228652252059 4719.0040596386434
leaf_weight=2582 6513 44 2794 91461 112212 7587 664 47001 20099 14714 42825 21 50 257 50 266 5592 120512 30 1170 240 20 388 1279 2501 4922 7736 5466 213 343
leaf_count=2582 6513 44 2794 91461 112212 7587 664 47001 20099 14714 42825 21 50 257 50 266 5592 120512 30 1170 240 20 388 1279 2501 4922 7736 5466 213 343
internal_value=0 2634.98 -316.426 191.221 773.448 537.268 14068.6 2567.83 1704.3 3710.09 775.729 5315.44 53776.4 5172.44 10319.5 31049 1845.77 -1445.71 2192.77 12886.7 35152.1 27794.6 4904.43 7877.44 14263.7 4902.11 -1731.24 378.137 5466.13 24715.8
internal_weight=0 53558 445994 307682 216221 212447 3774 53514 100235 31719 68516 24132 71 24061 3110 316 48417 138312 10064 1460 290 260 23804 9090 2889 6201 128248 8604 3138 556
internal_count=499552 53558 445994 307682 216221 212447 3774 53514 100235 31719 68516 24132 71 24061 3110 316 48417 138312 10064 1460 290 260 23804 9090 2889 6201 128248 8604 3138 556
is_linear=0
shrinkage=0.1


Tree=23
num_leaves=31
num_cat=0
split_feature=0 8 7 1 5 3 7 7 1 1 0 3 7 3 5 3 0 6 1 0 6 7 7 7 7 0 4 4 5 3
split_gain=3.54077e+13 3.34951e+13 4.99501e+13 7.11171e+13 2.80763e+13 3.49895e+13 3.84246e+13 1.23135e+14 1.17443e+14 1.4046e+14 2.01495e+13 1.91069e+13 3.32192e+13 1.87104e+13 1.78368e+13 1.68598e+13 1.30103e+13 1.26012e+13 1.25498e+13 1.20223e+13 1.17017e+13 1.13854e+13 2.59898e+13 1.16671e+14 2.11734e+13 1.92043e+13 1.46345e+13 1.07623e+13 1.64909e+13 2.35207e+13
threshold=2006.5000000000002 1.0000000180025095e-35 386.50000000000006 8.5000000000000018 1.0000000180025095e-35 1.0000000180025095e-35 117.50000000000001 81.500000000000014 6.5000000000000009 8.5000000000000018 2012.5000000000002 3.5000000000000004 93.500000000000014 1.0000000180025095e-35 1.0000000180025095e-35 1.5000000000000002 1997.5000000000002 88.500000000000014 9.5000000000000018 2014.5000000000002 79.500000000000014 81.500000000000014 25.500000000000004 24.500000000000004 117.50000000000001 2012.5000000000002 1.0000000180025095e-35 1.0000000180025095e-35 1.0000000180025095e-35 1.5000000000000002
decision_type=2 2 2 2 2 2 2 2 2 2 2 2 2 2 2 2 2 2 2 2 2 2 2 2 2 2 2 2 2 2
left_child=16 2 4 -4 5 -2 7 -7 -9 -10 -8 21 18 -3 15 -15 -1 27 -13 -17 -21 22 23 -6 -23 -25 -27 28 29 -18
right_child=1 13 3 -5 11 6 10 8 9 -11 -12 12 -14 14 -16 19 17 -19 -20 20 -22 24 -24 25 -26 26 -28 -29 -30 -31
leaf_value=-1943.0879816395679 5945.3904974962134 -895.3063181042935 17419.414074125743 239362.19794034094 -3056.8615716079403 19474.535380966419 -4031.718505859375 5940.4378642314186 438323.52425595245 101120.3203450521 -142717.143671875 -33116.716465928817 -145592.08186141305 747.52752349725188 -623.47529313846644 2399.7835628822099 -668.02274459964269 -3936.4113458596084 49120.507500000007 7050.728799637297 -2588.443775118647 16259.757146200247 -4390.7601912114314 27869.916218014674 -2651.5664282092553 52287.446874915528 116824.252109375 1835.9489138267506 -2064.7340830265607 2059.3795447316556
leaf_weight=63685 3630 53428 42 22 2450 1346 22 37 21 30 20 72 23 47258 33836 31415 118408 9347 25 11655 1412 1447 4317 420 1002 289 40 23529 47185 43139
leaf_count=63685 3630 53428 42 22 2450 1346 22 37 21 30 20 72 23 47258 33836 31415 118408 9347 25 11655 1412 1447 4317 420 1002 289 40 23529 47185 43139
internal_value=0 1055.42 5553.48 93712.2 5182.07 11224 24205.9 26967.2 141570 239969 -70072.4 2123.07 -37541.7 672.09 1338.96 2062.76 -671.569 -336.412 -11921.6 3460.06 6009.13 2600.72 671.259 7502.37 8522.25 42041.9 60133.9 -191.535 -420.08 60.2941
internal_weight=0 194259 15255 64 15191 5106 1476 1434 88 51 42 10085 120 179004 125576 91740 305293 241608 97 44482 13067 9965 7516 3199 2449 749 329 232261 208732 161547
internal_count=499552 194259 15255 64 15191 5106 1476 1434 88 51 42 10085 120 179004 125576 91740 305293 241608 97 44482 13067 9965 7516 3199 2449 749 329 232261 208732 161547
is_linear=0
shrinkage=0.1


Tree=24
num_leaves=31
num_cat=0
split_feature=3 7 0 6 7 7 8 7 8 0 0 1 6 7 7 1 6 1 0 1 7 1 0 5 7 8 8 6 7 7
split_gain=3.18015e+13 2.90886e+14 2.65344e+13 2.05906e+13 2.09803e+13 4.83236e+13 2.0532e+13 1.97823e+13 3.11637e+13 1.90054e+13 1.82854e+13 4.26552e+13 9.99629e+13 4.1625e+13 1.22526e+14 1.9657e+14 2.29218e+13 2.21878e+13 3.30598e+13 2.6169e+13 3.71441e+13 9.41468e+13 1.97684e+14 4.6294e+13 3.04897e+13 1.8209e+13 1.75349e+13 1.66027e+13 1.91835e+13 2.77789e+13
threshold=3.5000000000000004 360.50000000000006 2002.5000000000002 79.500000000000014 81.500000000000014 82.500000000000014 284.50000000000006 137.50000000000003 291.50000000000006 2012.5000000000002 2015.5000000000002 11.500000000000002 4.5000000000000009 20.500000000000004 37.500000000000007 4.5000000000000009 1.5000000000000002 2.5000000000000004 2014.5000000000002 5.5000000000000009 94.500000000000014 8.5000000000000018 2014.5000000000002 1.0000000180025095e-35 74.500000000000014 49.500000000000007 69.500000000000014 1.0000000180025095e-35 46.500000000000007 43.500000000000007
decision_type=2 2 2 2 2 2 2 2 2 2 2 2 2 2 2 2 2 2 2 2 2 2 2 2 2 2 2 2 2 2
left_child=2 10 -1 4 27 9 -7 8 -8 -6 13 -12 -13 16 15 -15 -2 18 -16 26 21 22 -21 24 -23 -22 -19 28 29 -4
right_child=1 -3 3 -5 5 6 7 -9 -10 -11 11 12 -14 14 17 -17 -18 19 -20 20 25 23 -24 -25 -26 -27 -28 -29 -30 -31
leaf_value=-957.6260350072979 -108354.33210685484 382348.80327380955 2634.9746279073242 -2483.3396869124849 15225.683424127054 539.386507657165 117648.93403125001 1806.2402514811583 5903.9000277370733 46677.167204487734 -3817.9146225269478 190238.37415865387 -197.63274808843084 -38467.438368055555 -11049.026920572918 320651.57232142863 -7578.3128729762802 -76709.42395833334 145281.92897555445 -44221.29456845238 -51738.070006127455 -774.26690538194453 371962.19121875003 -103872.74131944445 150844.64661458333 14308.09137907609 -607.56985518292686 -925.10878293135977 -1653.356468460885 18462.443213671733
leaf_weight=196370 31 21 19434 21001 713 102297 25 41247 14514 263 1298 39 94 27 24 35 83 48 31 21 51 36 25 27 21 230 82 89415 10873 1176
leaf_count=196370 31 21 19434 21001 713 102297 25 41247 14514 263 1298 39 94 27 24 35 83 48 31 21 51 36 25 27 21 230 82 89415 10873 1176
internal_value=0 11931.3 -53.3556 536.666 763.212 1517.94 1380.98 2924.25 6096.05 23700.8 8400.31 1708.64 55644.5 20804.2 30469.3 164261 -34982.3 16551.4 77064.8 10399.4 22768.7 66967 181965 3991.67 55085.3 2321.07 -28706.7 -229.744 1745.16 3538.08
internal_weight=0 2224 497328 300958 279957 159059 158083 55786 14539 976 2203 1431 133 772 658 62 114 596 55 541 411 130 46 84 57 281 130 120898 31483 20610
internal_count=499552 2224 497328 300958 279957 159059 158083 55786 14539 976 2203 1431 133 772 658 62 114 596 55 541 411 130 46 84 57 281 130 120898 31483 20610
is_linear=0
shrinkage=0.1


Tree=25
num_leaves=31
num_cat=0
split_feature=0 6 3 7 1 5 7 7 7 7 3 5 8 3 0 6 6 6 6 7 6 7 3 7 1 6 1 1 7 4
split_gain=2.69894e+13 2.06326e+13 1.89345e+13 4.46732e+13 6.75484e+13 3.49427e+13 2.39108e+14 6.26658e+13 4.17522e+13 2.00732e+13 1.7583e+13 1.74127e+13 4.78032e+13 1.6995e+13 1.5069e+13 1.49417e+13 1.56198e+13 2.03687e+13 2.43441e+13 1.55669e+13 1.29244e+13 1.26729e+13 2.2462e+13 3.28184e+13 3.24689e+13 1.1188e+13 1.07688e+13 2.50203e+13 1.06235e+13 1.03105e+13
threshold=2014.5000000000002 1.0000000180025095e-35 3.5000000000000004 21.500000000000004 5.5000000000000009 1.0000000180025095e-35 93.500000000000014 28.500000000000004 35.500000000000007 91.500000000000014 1.0000000180025095e-35 1.0000000180025095e-35 1.0000000180025095e-35 1.5000000000000002 2011.5000000000002 9.5000000000000018 6.5000000000000009 7.5000000000000009 8.5000000000000018 119.50000000000001 1.0000000180025095e-35 87.500000000000014 3.5000000000000004 68.500000000000014 6.5000000000000009 21.500000000000004 3.5000000000000004 9.5000000000000018 68.500000000000014 1.0000000180025095e-35
decision_type=2 2 2 2 2 2 2 2 2 2 2 2 2 2 2 2 2 2 2 2 2 2 2 2 2 2 2 2 2 2
left_child=10 2 -2 4 -4 6 8 -7 -5 -9 -1 12 14 -14 28 16 20 19 -19 -18 -15 22 23 -16 -25 -17 -10 -28 -12 -13
right_child=1 -3 3 5 -6 7 -8 9 26 -11 11 29 13 15 21 25 17 18 -20 -21 -22 -23 -24 24 -26 -27 27 -29 -30 -31
leaf_value=-1191.203585829732 6239.9794705816857 1390.1527381807919 387.02195012019229 -102646.45243055555 226214.62800925929 102299.0545138889 340737.2430197011 -33259.991744410734 92187.400917968756 -136923.53339213712 6113.737315687551 -1479.0573320864498 -387.96775866270184 9530.0739280596736 15159.943112530536 -1029.504128383435 32423.536072691306 -5715.6264422114382 10397.622975674347 10970.96645585254 1149.3587808391853 -28210.467299107142 135207.05344122025 28858.80412326389 169720.72797851564 1563.5337101236607 -61562.932421875004 83337.150852272738 18794.99155679244 1316.6212858550616
leaf_weight=138312 6238 47035 26 36 27 27 23 47 20 31 2439 75475 112212 2054 307 25352 389 1795 1963 2593 17672 35 21 36 30 48417 26 22 906 15986
leaf_count=138312 6238 47035 26 36 27 27 23 47 20 31 2439 75475 112212 2054 307 25352 389 1795 1963 2593 17672 35 21 36 30 48417 26 22 906 15986
internal_value=0 2121.09 7391.58 32597.5 115431 13674.3 48962.3 -29007.4 -15564.8 -74459.6 -254.714 166.265 655.537 457.36 11811.4 1403.69 3442.07 7598.14 2701.17 13769.4 2022.01 29456 34578.7 28913.2 92887 672.391 30537.2 4849.61 9548.48 -990.415
internal_weight=0 53558 6523 285 53 232 127 105 104 78 445994 307682 216221 212447 3774 100235 26466 6740 3758 2982 19726 429 394 373 66 73769 68 48 3345 91461
internal_count=499552 53558 6523 285 53 232 127 105 104 78 445994 307682 216221 212447 3774 100235 26466 6740 3758 2982 19726 429 394 373 66 73769 68 48 3345 91461
is_linear=0
shrinkage=0.1


Tree=26
num_leaves=31
num_cat=0
split_feature=6 3 1 5 7 7 7 7 0 1 1 3 3 7 0 3 5 7 8 0 0 7 0 7 7 7 8 7 0 1
split_gain=2.3089e+13 3.03925e+13 5.6966e+13 1.12414e+14 1.40289e+14 5.28061e+13 7.91881e+13 3.4032e+13 5.6841e+13 2.7268e+13 4.68154e+13 2.5797e+13 4.99856e+13 2.54156e+13 2.52837e+13 2.34528e+13 2.58437e+13 1.97701e+13 2.44994e+13 1.74111e+13 1.66447e+13 1.47376e+13 1.30671e+13 1.25692e+13 2.04982e+13 1.2932e+13 1.25055e+13 1.97298e+13 1.87116e+13 1.55179e+13
threshold=1.0000000180025095e-35 3.5000000000000004 9.5000000000000018 1.0000000180025095e-35 28.500000000000004 96.500000000000014 87.500000000000014 53.500000000000007 2014.5000000000002 6.5000000000000009 4.5000000000000009 2.5000000000000004 1.5000000000000002 52.500000000000007 2015.5000000000002 1.5000000000000002 1.0000000180025095e-35 68.500000000000014 61.500000000000007 2013.5000000000002 2009.5000000000002 9.5000000000000018 2001.5000000000002 76.500000000000014 131.50000000000003 73.500000000000014 87.500000000000014 81.500000000000014 2013.5000000000002 7.5000000000000009
decision_type=2 2 2 2 2 2 2 2 2 2 2 2 2 2 2 2 2 2 2 2 2 2 2 2 2 2 2 2 2 2
left_child=1 11 5 4 -4 6 7 8 -3 10 -10 12 21 -5 -9 22 19 -14 20 -17 -19 -1 -2 25 26 -23 27 -25 -29 -30
right_child=15 2 3 13 -6 -7 -8 14 9 -11 -12 -13 17 -15 -16 16 -18 18 -20 -21 -22 23 -24 24 -26 -27 -28 28 29 -31
leaf_value=13402.325891691871 -1846.64944749403 173913.33359375002 -199531.46112351189 304528.75750000001 124074.04560810812 -109971.84532398899 213643.97406250003 -145983.29627130681 -12835.847759824812 -80262.686025390634 152837.82078008237 -370.6963547045728 11915.453125723954 145106.08781250002 -4843.4309147135418 1002.3052305047266 -1018.8253219083505 44049.562661650685 18825.136708320693 4413.4192759314474 111314.98954503676 1387.3974118433098 -354.74051761624446 4295.6784156793028 -5032.4787012381057 -9512.3965412595535 3077.5183497666944 17776.347307007887 78031.778057922988 8252.6279753989365
leaf_weight=1161 88809 23 21 20 37 34 20 22 66 30 23 33264 2319 20 30 93156 60504 132 412 17827 51 21342 173208 1213 1304 1147 1935 1276 99 47
leaf_count=1161 88809 23 21 20 37 34 20 22 66 30 23 33264 2319 20 30 93156 60504 132 412 17827 51 21342 173208 1213 1304 1147 1935 1276 99 47
internal_value=0 1741.72 31301.8 95849.8 6906.53 5794.88 24187.7 4656.16 30001.6 2186.75 29978.7 1586.05 3592.63 224817 -64556.5 -265.366 643.814 16087.7 32348.8 1550.23 62795.7 2359.37 -860.414 1907.35 6026.38 831.478 9181.9 13664.6 21656.6 55568.6
internal_weight=0 66048 346 98 58 248 214 194 142 119 89 65702 32438 40 52 433504 171487 2914 595 110983 183 29524 262017 28363 5874 22489 4570 2635 1422 146
internal_count=499552 66048 346 98 58 248 214 194 142 119 89 65702 32438 40 52 433504 171487 2914 595 110983 183 29524 262017 28363 5874 22489 4570 2635 1422 146
is_linear=0
shrinkage=0.1


Tree=27
num_leaves=31
num_cat=0
split_feature=6 3 7 7 7 6 6 5 3 3 6 6 6 7 4 0 0 0 1 8 8 8 6 7 6 7 7 6 3 4
split_gain=2.26414e+13 2.68746e+13 2.7888e+14 1.91784e+13 6.2449e+13 2.37028e+13 3.11478e+13 2.72051e+13 2.14695e+13 2.746e+13 1.87661e+13 3.87047e+13 4.50076e+13 1.95163e+13 1.64016e+13 1.55249e+13 1.50212e+13 1.5007e+13 5.30674e+13 4.05084e+13 1.52459e+13 1.44136e+14 3.54922e+13 4.25016e+13 8.5996e+13 2.55896e+13 7.11571e+13 3.41687e+13 1.49113e+13 1.46592e+13
threshold=88.500000000000014 3.5000000000000004 359.50000000000006 81.500000000000014 82.500000000000014 12.500000000000002 21.500000000000004 1.0000000180025095e-35 2.5000000000000004 1.0000000180025095e-35 8.5000000000000018 7.5000000000000009 6.5000000000000009 119.50000000000001 1.0000000180025095e-35 2014.5000000000002 2013.5000000000002 2016.5000000000002 1.5000000000000002 79.500000000000014 107.50000000000001 99.500000000000014 11.500000000000002 74.500000000000014 39.500000000000007 114.50000000000001 85.500000000000014 3.5000000000000004 1.5000000000000002 1.0000000180025095e-35
decision_type=2 2 2 2 2 2 2 2 2 2 2 2 2 2 2 2 2 2 2 2 2 2 2 2 2 2 2 2 2 2
left_child=1 3 14 -1 8 7 -7 10 9 -5 11 12 -6 15 17 -14 -12 18 19 -3 21 22 25 24 -24 26 -20 -27 -17 -10
right_child=-2 2 -4 4 5 6 -8 -9 29 -11 16 -13 13 -15 -16 28 -18 -19 20 -21 -22 -23 23 -25 -26 27 -28 -29 -30 -31
leaf_value=-662.24140949901698 -3128.731093622986 189397.66768229168 383072.51492187503 30328.269831356418 1570.229613520042 -2051.7933723952387 751.81748080744376 -846.92314796833364 11684.373533753535 111772.30600687664 4680.609270064796 -4898.332041562021 18697.249421691307 7773.091562796486 -31443.786498298272 27357.687085459183 13787.098576952594 -5243.5920603289815 -9306.4866123243319 22155.154101562501 -311.28714144688956 261741.82809244792 217687.01178768385 7015.5536186926147 34703.343050595242 -170700.2386904762 162195.26150090146 -3209.6149784482759 112122.92690972223 60649.439324951178
leaf_weight=196315 22106 30 20 301 39619 59315 119387 28577 1369 48 12546 7142 975 7489 101 49 2117 493 348 28 644 24 34 194 105 21 26 29 36 64
leaf_count=196315 22106 30 20 301 39619 59315 119387 28577 1369 48 12546 7142 975 7489 101 49 2117 493 348 28 644 24 34 194 105 21 26 29 36 64
internal_value=0 144.862 11440.6 95.0306 627.811 507.875 -178.761 1752.96 19288.1 41529.7 2814.75 1971.55 2990.17 9570.65 7862.09 22270.5 5995.38 9871.14 14895.8 108660 11079.4 20472 12822.8 37255.9 79461.9 -6366.43 2616.09 -73555.7 63258.3 13871.2
internal_weight=0 477446 2097 475349 279034 277252 178702 98550 1782 349 69973 55310 48168 8549 2077 1060 14663 1976 1483 58 1425 781 757 333 139 424 374 50 85 1433
internal_count=499552 477446 2097 475349 279034 277252 178702 98550 1782 349 69973 55310 48168 8549 2077 1060 14663 1976 1483 58 1425 781 757 333 139 424 374 50 85 1433
is_linear=0
shrinkage=0.1


Tree=28
num_leaves=31
num_cat=0
split_feature=0 6 3 7 8 7 0 4 8 3 3 7 6 8 6 6 6 6 6 7 8 7 7 0 0 1 8 8 8 6
split_gain=1.9622e+13 1.70308e+13 2.01014e+13 2.25519e+14 1.44347e+13 1.44827e+13 2.61626e+13 1.34812e+13 1.32856e+13 1.47785e+13 3.27982e+13 2.18351e+13 1.38788e+13 1.6502e+13 2.34706e+13 1.28276e+13 1.23216e+13 1.6837e+13 1.67937e+13 1.20788e+13 1.20267e+13 1.17039e+13 1.21642e+13 1.31749e+13 1.12442e+13 3.61362e+13 3.93424e+13 1.50604e+13 8.69555e+13 3.84174e+13
threshold=2002.5000000000002 79.500000000000014 3.5000000000000004 359.50000000000006 444.50000000000006 386.50000000000006 2012.5000000000002 1.0000000180025095e-35 1.0000000180025095e-35 2.5000000000000004 1.5000000000000002 68.500000000000014 23.500000000000004 77.500000000000014 12.500000000000002 25.500000000000004 8.5000000000000018 7.5000000000000009 6.5000000000000009 20.500000000000004 109.50000000000001 9.5000000000000018 76.500000000000014 2011.5000000000002 2016.5000000000002 1.5000000000000002 79.500000000000014 101.50000000000001 93.500000000000014 11.500000000000002
decision_type=2 2 2 2 2 2 2 2 2 2 2 2 2 2 2 2 2 2 2 2 2 2 2 2 2 2 2 2 2 2
left_child=-1 2 4 7 5 8 -7 24 9 10 21 19 13 -10 16 20 17 18 -15 -12 -14 -2 -23 -24 25 26 -4 28 29 -27
right_child=1 -3 3 -5 -6 6 -8 -9 12 -11 11 -13 15 14 -16 -17 -18 -19 -20 -21 -22 22 23 -25 -26 27 -28 -29 -30 -31
leaf_value=-778.74511082013805 17203.573774070494 -2229.3182171645672 170457.90457682291 344765.26124999998 2345.888434854945 -7393.288192336624 -124003.8839092548 -28490.284482421877 -1652.5369720333383 759.2825466484519 42571.187550243434 72261.623374391958 10983.795106078862 801.3845028140081 -2319.9811790701551 829.48869059538742 4701.9625528029592 -4973.6159670049383 7292.675556856183 3699.611234195107 1759.8584895956026 1099.3076252905446 4963.6580758026976 24592.304024570483 -4066.2365540059409 -5729.7806741966397 4068.5472800925927 -1156.0375755260836 207179.44847819011 40851.326066278154
leaf_weight=196370 668 21196 30 20 42053 74 26 100 64616 14875 138 106 2487 35162 20955 68906 10466 4414 4495 190 3275 5446 1111 494 480 424 27 620 24 304
leaf_count=196370 668 21196 30 20 42053 74 26 100 64616 14875 138 106 2487 35162 20955 68906 10466 4414 4495 190 3275 5446 1111 494 480 424 27 620 24 304
internal_value=0 504.391 709.875 10627.4 637.997 336.103 -37712 7301 352.102 2634.79 6056.61 32805.3 107.356 -479.484 524.57 1208.51 1617.55 885.056 1537.15 20054.1 5741.1 4552.67 3354.14 11005.1 9175.87 13623.9 91641.9 10382.6 19895.9 13721.7
internal_weight=0 303182 281986 2029 279957 237904 100 2009 237804 23028 8153 434 214776 140108 75492 74668 54537 44071 39657 328 5762 7719 7051 1605 1909 1429 57 1372 752 728
internal_count=499552 303182 281986 2029 279957 237904 100 2009 237804 23028 8153 434 214776 140108 75492 74668 54537 44071 39657 328 5762 7719 7051 1605 1909 1429 57 1372 752 728
is_linear=0
shrinkage=0.1


Tree=29
num_leaves=31
num_cat=0
split_feature=3 0 7 3 8 7 7 3 3 6 4 8 7 7 7 4 0 6 5 7 7 3 1 0 7 7 6 8 3 1
split_gain=1.88764e+13 1.74782e+13 1.75388e+13 1.2173e+13 3.42978e+13 1.97003e+13 2.32804e+13 1.25799e+13 1.23518e+13 1.10716e+13 1.07028e+13 1.0099e+13 1.14682e+13 1.09214e+13 1.03965e+13 9.78107e+12 9.28288e+12 8.05191e+12 1.08957e+13 1.37816e+13 3.14872e+13 1.034e+13 5.72731e+13 3.88454e+13 1.34123e+14 2.61277e+13 2.99133e+13 2.67233e+13 9.65295e+12 2.39662e+13
threshold=1.0000000180025095e-35 2014.5000000000002 371.50000000000006 2.5000000000000004 1.0000000180025095e-35 81.500000000000014 87.500000000000014 1.5000000000000002 1.5000000000000002 1.0000000180025095e-35 1.0000000180025095e-35 1.0000000180025095e-35 81.500000000000014 131.50000000000003 46.500000000000007 1.0000000180025095e-35 2002.5000000000002 9.5000000000000018 1.0000000180025095e-35 38.500000000000007 45.500000000000007 3.5000000000000004 11.500000000000002 2015.5000000000002 93.500000000000014 74.500000000000014 1.0000000180025095e-35 278.50000000000006 2.5000000000000004 6.5000000000000009
decision_type=2 2 2 2 2 2 2 2 2 2 2 2 2 2 2 2 2 2 2 2 2 2 2 2 2 2 2 2 2 2
left_child=10 3 17 4 5 8 16 -6 -2 -9 11 12 14 -14 -1 -5 -7 18 19 28 -21 -22 23 24 -23 27 -27 -25 -3 -30
right_child=1 2 -4 15 7 6 -8 9 -10 -11 -12 -13 13 -15 -16 -17 -18 -19 -20 20 21 22 -24 25 -26 26 -28 -29 29 -31
leaf_value=3611.9165372022358 5109.6656651942403 2374.5441389593875 77609.111397429442 -1415.6774612920015 -310.07118961010872 61046.724308894227 22889.301799936766 8653.3563472468504 20797.081379543655 1050.8388151064785 2439.3940663852113 -1365.6584033083564 14333.762074126433 -6027.6229355366277 -3173.3490152112845 1439.8033511431408 151665.57445312501 1203.9094168707022 1353.8283009688096 82881.091128434811 7701.4905239112886 -91447.074750000014 174928.15327148439 111551.83303065445 211818.01957589286 -113477.42363911291 -4698.3224092580977 -30732.958238636365 11667.195767329291 -59024.253478318118
leaf_weight=4906 2710 2244 31 66007 121522 26 244 1953 616 99924 8917 133963 1194 338 4184 14660 20 23410 7138 58 4987 25 24 33 35 31 137 22 104 89
leaf_count=4906 2710 2244 31 66007 121522 26 244 1953 616 99924 8917 133963 1194 338 4184 14660 20 23410 7138 58 4987 25 24 33 35 31 137 22 104 89
internal_value=0 409.408 2421.95 158.443 533.389 10194.6 35191.4 377.01 8015.09 1196.58 -922.957 -1130.32 1837.69 9841.5 488.754 -896.737 100446 2361.16 4176.06 6762.42 9600.86 8798.01 26610.2 14032 85457.6 -5185.58 -24770.7 54637.9 528.809 -20931.5
internal_weight=0 346050 38368 307682 227015 3616 290 223399 3326 101877 153502 144585 10622 1532 9090 80667 46 38337 14927 7789 5352 5294 307 283 60 223 168 55 2437 193
internal_count=499552 346050 38368 307682 227015 3616 290 223399 3326 101877 153502 144585 10622 1532 9090 80667 46 38337 14927 7789 5352 5294 307 283 60 223 168 55 2437 193
is_linear=0
shrinkage=0.1


Tree=30
num_leaves=31
num_cat=0
split_feature=0 6 3 7 7 7 7 6 8 0 1 3 6 7 7 7 7 7 3 0 0 7 5 4 6 0 4 7 7 8
split_gain=1.62801e+13 1.6889e+13 1.57187e+13 1.78385e+14 1.59015e+13 4.21229e+13 1.6337e+13 1.52572e+13 1.46873e+13 1.23459e+13 1.26151e+13 2.11059e+13 1.23358e+13 1.90775e+13 2.51933e+13 1.47545e+13 1.39809e+13 1.45447e+14 5.23846e+13 3.5226e+13 2.84026e+13 1.57881e+13 1.37588e+13 1.17761e+13 1.14571e+13 2.34356e+13 1.0864e+13 1.04113e+13 4.80975e+13 7.79503e+13
threshold=1998.5000000000002 79.500000000000014 3.5000000000000004 359.50000000000006 81.500000000000014 82.500000000000014 203.50000000000003 7.5000000000000009 191.50000000000003 2012.5000000000002 11.500000000000002 1.5000000000000002 1.0000000180025095e-35 46.500000000000007 43.500000000000007 60.500000000000007 25.500000000000004 24.500000000000004 2.5000000000000004 2012.5000000000002 2012.5000000000002 9.5000000000000018 1.0000000180025095e-35 1.0000000180025095e-35 3.5000000000000004 2012.5000000000002 1.0000000180025095e-35 66.500000000000014 59.500000000000007 135.50000000000003
decision_type=2 2 2 2 2 2 2 2 2 2 2 2 2 2 2 2 2 2 2 2 2 2 2 2 2 2 2 2 2 2
left_child=-1 2 4 26 12 9 8 24 -7 -6 11 -11 13 14 16 -15 17 21 20 -20 -19 -2 -16 -21 25 -8 27 28 -4 -30
right_child=1 -3 3 -5 5 6 7 -9 -10 10 -12 -13 -14 15 22 -17 -18 18 19 23 -22 -23 -24 -25 -26 -27 -28 -29 29 -31
leaf_value=-1242.0798135472112 6989.9898228985257 -2135.3719744111563 10520.064426638477 306387.35875000001 13713.761297894111 701.87616486294837 -3998.8978096351198 -652.76797240112694 2940.0740361286057 97860.630224609384 114092.23016113281 18386.200702565762 -877.13306264126095 -5434.8879161705772 22730.48549825187 887.72990466815486 -917.96998258915562 61696.113072298365 16809.343243242718 46362.391793631177 165372.8140498992 -1364.6867973948163 4124.4539966790935 104291.43642944336 3305.1308962057683 -111919.62554086538 -25876.545188232423 2202.2990086783693 252681.59334161936 -3077.7684870793273
leaf_weight=87122 2822 27423 670 20 1139 73094 89 82159 48955 40 20 203 120747 6390 923 8738 10715 179 1337 286 31 11396 698 40 12951 26 100 1191 22 26
leaf_count=87122 2822 27423 670 20 1139 73094 89 82159 48955 40 20 203 120747 6390 923 8738 10715 179 1337 286 31 11396 698 40 12951 26 100 1191 22 26
internal_value=0 262.378 433.163 9211.65 386.655 945.193 833.705 -147.985 1599.64 18223 37751.6 31468.4 -356.726 1085.99 2612.74 -1782.92 1880.67 3744.29 29938.9 23996 77000.8 293.556 14718.8 53470.3 3026.09 -28398.4 6253.21 7936.28 17447.7 114145
internal_weight=0 412430 385007 2029 382978 218676 217274 95225 122049 1402 263 243 164302 43555 28427 15128 26806 16091 1873 1663 210 14218 1621 326 13066 115 2009 1909 718 48
internal_count=499552 412430 385007 2029 382978 218676 217274 95225 122049 1402 263 243 164302 43555 28427 15128 26806 16091 1873 1663 210 14218 1621 326 13066 115 2009 1909 718 48
is_linear=0
shrinkage=0.1


Tree=31
num_leaves=31
num_cat=0
split_feature=3 5 8 7 0 7 0 6 6 7 3 6 6 6 8 7 3 7 6 7 8 0 4 0 6 6 3 0 3 7
split_gain=1.4707e+13 1.52144e+13 4.18803e+13 3.41559e+13 1.33673e+14 2.63736e+13 2.44234e+13 1.49301e+13 2.26962e+13 1.93843e+13 1.48575e+13 1.35772e+13 1.47711e+13 4.9507e+13 1.77395e+13 1.2874e+13 2.39103e+13 2.05477e+13 1.83697e+13 1.218e+13 1.18363e+13 1.1619e+13 1.14913e+13 1.10789e+13 1.08197e+13 1.82759e+13 1.02675e+13 1.00696e+13 9.65015e+12 9.36023e+12
threshold=1.0000000180025095e-35 1.0000000180025095e-35 1.0000000180025095e-35 81.500000000000014 2014.5000000000002 87.500000000000014 2012.5000000000002 9.5000000000000018 5.5000000000000009 135.50000000000003 3.5000000000000004 21.500000000000004 32.500000000000007 31.500000000000004 504.50000000000006 161.50000000000003 3.5000000000000004 237.50000000000003 1.0000000180025095e-35 112.50000000000001 724.50000000000011 2003.5000000000002 1.0000000180025095e-35 2011.5000000000002 7.5000000000000009 8.5000000000000018 3.5000000000000004 2009.5000000000002 1.5000000000000002 119.50000000000001
decision_type=2 2 2 2 2 2 2 2 2 2 2 2 2 2 2 2 2 2 2 2 2 2 2 2 2 2 2 2 2 2
left_child=-1 2 3 27 5 21 -7 8 15 10 19 -9 13 -13 -15 18 -17 -18 -4 -10 24 -5 -3 -21 -11 -26 -24 -2 -16 -25
right_child=1 22 7 4 -6 6 -8 11 9 20 -12 12 -14 14 28 16 17 -19 -20 23 -22 -23 26 29 25 -27 -28 -29 -30 -31
leaf_value=-814.67515280758641 4678.2452047971719 -1137.0580929829762 3877.5827982720425 43799.491209501379 200612.50459703233 15488.136257991204 -83906.325810185182 -1161.9297861205735 4399.8024003010214 4296.4903826670188 79690.96240234375 1277.9752155691961 -99.911630976749422 9215.1468560626199 13440.621500965604 3877.11132486519 132405.49027777778 2212.8110040838069 -1238.1138809364384 10544.629567221069 12160.473902998385 135826.98631963317 1786.3947535393938 48230.6829107538 -4494.3849377464439 6232.2351753971834 -32261.848266327248 16614.893070922593 33457.805446886661 18797.16779898389
leaf_weight=153502 2794 85620 8998 34 45 293 27 56316 2760 9299 30 35119 71442 2032 401 7765 27 22 31919 2250 1246 23 18251 143 4720 2394 89 946 603 442
leaf_count=153502 2794 85620 8998 34 45 293 27 56316 2760 9299 30 35119 71442 2032 401 7765 27 22 31919 2250 1246 23 18251 143 4720 2394 89 946 603 442
internal_value=0 361.376 795.89 10740.5 37709.3 18264.6 7101.73 621.932 1824.3 4392.56 9504.88 100.04 748.499 2337.08 14588.2 597.167 4316.53 73951.6 -113.128 9128.54 2764.11 80933.4 -650.469 13732.2 2050.79 -884.668 1621.17 7697.51 25462.9 25992
internal_weight=0 346050 242090 4162 422 377 320 237928 72015 23284 5625 165913 109597 38155 3036 48731 7814 49 40917 5595 17659 57 103960 2835 16413 7114 18340 3740 1004 585
internal_count=499552 346050 242090 4162 422 377 320 237928 72015 23284 5625 165913 109597 38155 3036 48731 7814 49 40917 5595 17659 57 103960 2835 16413 7114 18340 3740 1004 585
is_linear=0
shrinkage=0.1


Tree=32
num_leaves=31
num_cat=0
split_feature=0 6 5 8 3 1 7 0 1 7 0 3 7 0 7 3 0 4 0 7 7 8 7 7 0 3 1 3 3 4
split_gain=1.35942e+13 1.36862e+13 1.12899e+13 2.08392e+13 2.63067e+13 2.04852e+13 9.69304e+13 1.65495e+14 2.02377e+13 4.44913e+13 1.55671e+14 3.01768e+13 3.63309e+13 2.2967e+13 1.81635e+13 1.79531e+13 1.22814e+13 1.10778e+13 1.06115e+13 9.79844e+12 1.24808e+13 9.58224e+12 9.27772e+12 2.9868e+13 8.60576e+12 1.26042e+13 1.70957e+13 1.71527e+13 8.47152e+12 8.17071e+12
threshold=1999.5000000000002 88.500000000000014 1.0000000180025095e-35 1.0000000180025095e-35 1.5000000000000002 5.5000000000000009 93.500000000000014 2010.5000000000002 8.5000000000000018 28.500000000000004 2013.5000000000002 3.5000000000000004 28.500000000000004 2013.5000000000002 93.500000000000014 1.5000000000000002 2007.5000000000002 1.0000000180025095e-35 2014.5000000000002 9.5000000000000018 76.500000000000014 380.50000000000006 73.500000000000014 71.500000000000014 2016.5000000000002 2.5000000000000004 2.5000000000000004 3.5000000000000004 3.5000000000000004 1.0000000180025095e-35
decision_type=2 2 2 2 2 2 2 2 2 2 2 2 2 2 2 2 2 2 2 2 2 2 2 2 2 2 2 2 2 2
left_child=-1 2 3 4 19 14 8 -8 9 10 -7 -10 -13 -11 24 29 -16 -4 21 -2 22 -17 23 -21 25 -6 -27 -28 -19 -5
right_child=1 -3 17 15 5 6 7 -9 11 13 -12 12 -14 -15 16 18 -18 28 -20 20 -22 -23 -24 -25 -26 26 27 -29 -30 -31
leaf_value=-960.30604944819424 14180.425511384989 -2497.6258170536166 -1045.2775576853398 -151.08937180555071 20288.100620083278 21098.41406985552 12918.095489501953 364587.42778161092 17502.641190449242 24070.239973958334 312338.73540039064 -173496.48378906251 1698.714385775862 -84997.217548076937 -8918.2751261393241 615.51424161593877 -115021.80998046877 2010.1566816467648 4522.8011094319472 989.0408173431756 9612.7835450730126 3297.9709541922366 -9537.9746697020564 52440.898953804353 60718.771838378911 34722.370490373891 -15049.453567708333 -134606.6658984375 -29279.308612271016 2696.5221706177108
leaf_weight=113824 805 16920 76581 173899 180 78 32 23 206 75 24 20 29 26 24 50808 20 16005 12161 5965 1999 18047 793 115 32 28 30 20 87 10696
leaf_count=113824 805 16920 76581 173899 180 78 32 23 206 75 24 20 29 26 24 50808 20 16005 12161 5965 1999 18047 793 115 32 28 30 20 87 10696
internal_value=0 283.376 410.961 731.486 5095.76 21995.2 34543.7 159980 19480.4 43040.1 89625.5 725.008 -69809.5 -4006.53 2721.54 558.565 -57147.2 -544.097 1799.56 3616.61 2658.1 1318.59 635.344 1962.23 11805.1 5738.25 -27838.3 -62872.3 1840.99 13.91
internal_weight=0 385728 368808 276135 10524 847 513 55 458 203 102 255 49 101 334 265611 44 92673 81016 9677 8872 68855 6873 6080 290 258 78 50 16092 184595
internal_count=499552 385728 368808 276135 10524 847 513 55 458 203 102 255 49 101 334 265611 44 92673 81016 9677 8872 68855 6873 6080 290 258 78 50 16092 184595
is_linear=0
shrinkage=0.1


Tree=33
num_leaves=31
num_cat=0
split_feature=0 7 1 6 7 3 7 7 3 8 1 0 1 7 7 1 0 7 6 6 6 6 6 6 6 6 6 8 7 3
split_gain=1.17052e+13 1.61129e+13 4.89183e+13 1.11014e+13 1.46495e+13 5.84701e+13 1.88816e+13 1.59984e+13 1.65207e+13 4.7496e+13 6.01505e+13 9.15724e+13 1.26132e+14 1.70877e+13 1.4185e+13 1.2658e+13 2.40835e+13 1.24387e+13 1.18188e+13 1.46945e+13 1.53667e+13 1.80544e+13 1.52217e+13 2.44926e+13 1.59165e+13 1.43507e+13 1.78414e+13 1.17352e+13 1.09774e+13 1.03926e+13
threshold=2006.5000000000002 386.50000000000006 9.5000000000000018 1.0000000180025095e-35 131.50000000000003 3.5000000000000004 81.500000000000014 46.500000000000007 3.5000000000000004 99.500000000000014 10.500000000000002 2015.5000000000002 4.5000000000000009 43.500000000000007 87.500000000000014 8.5000000000000018 2014.5000000000002 60.500000000000007 3.5000000000000004 9.5000000000000018 11.500000000000002 12.500000000000002 8.5000000000000018 7.5000000000000009 6.5000000000000009 21.500000000000004 48.500000000000007 97.500000000000014 119.50000000000001 3.5000000000000004
decision_type=2 2 2 2 2 2 2 2 2 2 2 2 2 2 2 2 2 2 2 2 2 2 2 2 2 2 2 2 2 2
left_child=-1 3 -3 4 6 -6 7 8 13 10 11 12 -10 -2 15 -8 -17 -9 -5 22 -21 -22 23 24 -20 -23 27 29 -26 -27
right_child=1 2 -4 18 5 -7 14 17 9 -11 -12 -13 -14 -15 -16 16 -18 -19 19 20 21 25 -24 -25 28 26 -28 -29 -30 -31
leaf_value=-386.12871153214286 2626.18431896831 -6856.0730516516651 142731.96858215332 -1819.5794352187136 -5431.4887317525854 -170101.43309659092 13678.47794976033 -6730.7833528495285 -24751.325479403411 140389.2049632353 -117139.09723958334 -29568.845943196615 303555.45525000006 18543.208330763806 6846.9906306800904 27006.862750128985 114699.25144230771 1743.2602807315625 1607.1980884978584 -4139.3119241614759 7411.4122458902966 -1809.9768930570722 8065.6742887685459 -5372.1695185286771 20906.675664864735 4106.0065349223696 -762.38491232305375 929.19980710834625 6372.314461721151 30904.369013538104
leaf_weight=305293 12480 69 32 22874 1085 22 426 3098 22 34 30 72 25 713 3064 159 39 3929 16566 7899 3581 26723 4366 4130 598 16426 35987 25698 3966 146
leaf_count=305293 12480 69 32 22874 1085 22 426 3098 22 34 30 72 25 713 3064 159 39 3929 16566 7899 3581 26723 4366 4130 598 16426 35987 25698 3966 146
internal_value=0 606.831 40538.2 586.059 2544.09 -8704.06 3060.95 1870.7 3900.31 33740.2 9404.21 41305.9 149880 3486.4 9645.76 23388.5 44279.6 -1992.7 294.046 624.995 119.146 428.996 2613.49 1671.12 3047.78 190.817 874.042 2267.23 8276.69 4342.1
internal_weight=0 194259 101 194158 25198 1107 24091 20403 13376 183 149 119 47 13193 3688 624 198 7027 168960 146086 116460 108561 29626 25260 21130 104980 78257 42270 4564 16572
internal_count=499552 194259 101 194158 25198 1107 24091 20403 13376 183 149 119 47 13193 3688 624 198 7027 168960 146086 116460 108561 29626 25260 21130 104980 78257 42270 4564 16572
is_linear=0
shrinkage=0.1


Tree=34
num_leaves=31
num_cat=0
split_feature=0 6 3 1 5 7 7 7 7 5 7 0 7 0 6 6 6 6 6 6 6 6 6 7 7 3 3 7 7 0
split_gain=1.09233e+13 1.1052e+13 1.56939e+13 4.90242e+13 8.40517e+13 8.96998e+13 4.52721e+13 5.54087e+13 2.2966e+13 4.51597e+13 6.66901e+13 8.70446e+13 2.25321e+13 1.88366e+13 1.47058e+13 2.60806e+13 2.081e+13 1.34812e+13 2.95362e+13 1.66986e+13 1.86046e+13 1.46105e+13 1.87907e+13 1.69506e+13 2.16858e+13 1.32505e+13 2.6053e+13 1.35943e+13 1.42847e+13 1.30353e+13
threshold=1997.5000000000002 1.0000000180025095e-35 3.5000000000000004 9.5000000000000018 1.0000000180025095e-35 28.500000000000004 96.500000000000014 87.500000000000014 53.500000000000007 1.0000000180025095e-35 20.500000000000004 2015.5000000000002 52.500000000000007 2015.5000000000002 3.5000000000000004 7.5000000000000009 6.5000000000000009 8.5000000000000018 9.5000000000000018 11.500000000000002 12.500000000000002 21.500000000000004 50.500000000000007 288.50000000000006 286.50000000000006 2.5000000000000004 1.5000000000000002 68.500000000000014 71.500000000000014 2015.5000000000002
decision_type=2 2 2 2 2 2 2 2 2 2 2 2 2 2 2 2 2 2 2 2 2 2 2 2 2 2 2 2 2 2
left_child=-1 2 25 6 5 -5 7 8 9 10 -4 -12 -6 -10 -3 16 -16 -17 -19 -20 -21 -22 23 24 -23 26 -2 -28 -29 -11
right_child=1 14 3 4 12 -7 -8 -9 13 29 11 -13 -14 -15 15 17 -18 18 19 20 21 22 -24 -25 -26 -27 27 28 -30 -31
leaf_value=-1223.3312666591125 1956.585795078438 -1568.4290499083409 -84740.783916015629 -159394.75825892857 269157.16312500002 99366.435979729737 -108146.74320427389 174551.7872265625 -127403.46488259056 -101337.04198369566 272402.93404947914 22111.685842803032 119050.083125 -5580.1409212239587 1331.7474170074049 -3799.9712075914576 6530.9013955486425 5469.3059796786811 -3116.3135476518928 4892.5781330206564 -1495.516348723447 1659.6084641182997 -899.06797301953145 -1179.0930418427993 13834.08625265105 -132.73634662192813 8994.7742852541851 78190.416903320322 21836.210109267919 -7682.5331473214292
leaf_weight=63685 25096 52617 20 21 20 37 34 20 22 23 24 33 20 30 35569 9647 9825 9541 18207 7602 59035 78191 73546 23296 1491 29397 1963 50 448 42
leaf_count=63685 25096 52617 20 21 20 37 34 20 22 23 24 33 20 30 35569 9647 9825 9541 18207 7602 59035 78191 73546 23296 1491 29397 1963 50 448 42
internal_value=0 178.742 1473.05 22706.1 82585.8 5677.04 -956.097 16074.2 -263.703 20557.2 72370.7 127497 194104 -57120.8 -17.1641 233.251 2457.04 -126.559 4.25073 -195.246 23.4727 -133.664 321.781 1193.7 1887.42 1344.06 2919.45 12738.3 27494.3 -40821.8
internal_weight=0 435867 57300 346 98 58 248 214 194 142 77 57 40 52 378567 325950 45394 280556 270909 261368 243161 235559 176524 102978 79682 56954 27557 2461 498 65
internal_count=499552 435867 57300 346 98 58 248 214 194 142 77 57 40 52 378567 325950 45394 280556 270909 261368 243161 235559 176524 102978 79682 56954 27557 2461 498 65
is_linear=0
shrinkage=0.1


Tree=35
num_leaves=31
num_cat=0
split_feature=3 3 6 3 3 7 0 1 4 3 7 7 7 8 5 0 7 1 0 1 7 7 6 8 6 1 6 1 6 8
split_gain=1.0434e+13 1.13966e+13 2.42091e+13 1.19098e+13 1.03438e+13 1.01009e+13 1.09334e+13 1.45084e+13 8.42629e+12 1.22154e+13 1.30459e+14 1.11374e+13 3.21463e+13 7.55415e+13 2.58135e+13 2.23897e+13 1.41047e+13 6.31738e+13 4.53538e+13 1.00738e+14 3.53868e+14 4.13291e+13 2.43286e+13 2.22231e+13 1.13534e+13 1.5023e+13 1.39416e+13 1.09864e+13 2.36872e+13 1.71636e+13
threshold=1.0000000180025095e-35 2.5000000000000004 1.0000000180025095e-35 1.5000000000000002 1.5000000000000002 68.500000000000014 2009.5000000000002 9.5000000000000018 1.0000000180025095e-35 3.5000000000000004 359.50000000000006 68.500000000000014 59.500000000000007 71.500000000000014 1.0000000180025095e-35 2013.5000000000002 20.500000000000004 11.500000000000002 2015.5000000000002 4.5000000000000009 34.500000000000007 35.500000000000007 1.0000000180025095e-35 179.50000000000003 46.500000000000007 3.5000000000000004 51.500000000000007 11.500000000000002 7.5000000000000009 49.500000000000007
decision_type=2 2 2 2 2 2 2 2 2 2 2 2 2 2 2 2 2 2 2 2 2 2 2 2 2 2 2 2 2 2
left_child=-1 2 3 -2 -4 -5 -7 -8 9 -3 11 12 15 -14 27 -11 17 22 19 21 -21 -18 -17 24 25 -20 -26 29 -29 -13
right_child=1 8 4 5 -6 6 7 -9 -10 10 -12 14 13 -15 -16 16 18 -19 23 20 -22 -23 -24 -25 26 -27 -28 28 -30 -31
leaf_value=-686.19624476699573 3232.175681621693 -1298.3246995197662 -187.54633144987008 7518.1728940824751 1128.4790018021101 14113.139535245658 29033.531845420646 103836.83331520774 1394.7118726671615 -70074.40238839286 254411.46428571429 -24145.49404005364 211721.43545673077 -19412.036328124999 -30023.529295539858 -90028.233847656258 -117164.894875 145154.55193950946 29789.025611979167 474510.54728260869 -22458.922574013159 61269.223726851858 -5584.1375536688447 70851.199773015207 71463.431324084057 -51593.022007308471 -22295.720323660717 133946.08609375 12853.076241048177 8509.2723903769311
leaf_weight=153502 9961 74379 128078 2319 111909 441 121 33 16692 35 21 201 26 31 256 40 25 26 30 23 38 27 232 37 29 93 35 20 84 808
leaf_count=153502 9961 74379 128078 2319 111909 441 121 33 16692 35 21 201 26 31 256 40 25 26 30 23 38 27 232 37 29 93 35 20 84 808
internal_value=0 304.385 652.768 4877.2 426.133 10500.4 22123.6 45062.8 -640.939 -1085.13 6405.17 3920.38 13923.4 86017.3 -1391.67 7790.03 12081.8 -3767.22 26096.6 77747.3 164923 -24516.4 -18002.4 40.6402 -13970 -31743.7 20188.9 5193.92 36140.2 2004.21
internal_weight=0 346050 252862 12875 239987 2914 595 154 93188 76496 2117 2096 727 57 1369 670 635 298 337 113 61 52 272 224 187 123 64 1113 104 1009
internal_count=499552 346050 252862 12875 239987 2914 595 154 93188 76496 2117 2096 727 57 1369 670 635 298 337 113 61 52 272 224 187 123 64 1113 104 1009
is_linear=0
shrinkage=0.1


Tree=36
num_leaves=31
num_cat=0
split_feature=0 6 3 7 1 1 7 0 7 1 1 7 7 1 0 8 3 7 0 7 7 7 7 3 0 5 3 0 0 7
split_gain=1.0044e+13 9.3984e+12 8.18706e+12 5.29388e+13 5.51201e+13 3.30272e+13 1.42433e+14 3.97214e+13 2.88356e+13 2.04783e+13 1.45728e+13 8.44577e+12 8.20372e+12 7.8056e+12 6.12855e+12 5.80725e+12 8.9041e+12 1.14584e+13 1.94376e+13 6.65449e+12 1.56756e+13 1.26074e+13 6.39413e+13 1.84972e+13 1.07726e+13 7.8282e+12 2.34668e+13 3.33688e+13 1.02913e+13 7.38917e+12
threshold=2014.5000000000002 1.0000000180025095e-35 3.5000000000000004 21.500000000000004 5.5000000000000009 6.5000000000000009 93.500000000000014 2016.5000000000002 76.500000000000014 2.5000000000000004 9.5000000000000018 43.500000000000007 71.500000000000014 5.5000000000000009 1997.5000000000002 1.0000000180025095e-35 3.5000000000000004 161.50000000000003 2012.5000000000002 81.500000000000014 96.500000000000014 25.500000000000004 24.500000000000004 2.5000000000000004 2011.5000000000002 1.0000000180025095e-35 1.0000000180025095e-35 2011.5000000000002 2013.5000000000002 9.5000000000000018
decision_type=2 2 2 2 2 2 2 2 2 2 2 2 2 2 2 2 2 2 2 2 2 2 2 2 2 2 2 2 2 2
left_child=13 2 -2 4 -4 7 10 8 -5 -9 -7 -12 -11 -1 -15 16 17 19 -19 21 25 22 29 -24 -25 26 28 -28 -21 -16
right_child=1 -3 3 5 -6 6 -8 9 -10 12 11 -13 -14 14 15 -17 -18 18 -20 20 -22 -23 23 24 -26 -27 27 -29 -30 -31
leaf_value=-704.96283662258247 4093.8397796730919 800.62525454076126 7674.2368765024039 -42967.62890625 211671.50266203703 -70238.3387991333 282428.80632812501 93771.056114130435 -192726.29458007813 22112.212635869568 56311.4443395544 -22074.838392857142 -60642.395109375 -977.42031916454653 5232.6317204817587 210.08948051923849 54733.643701171881 -6588.808901105609 -121435.52391601563 13252.875564807564 -2502.5005587014875 -1189.7112168547171 60966.669934850623 17235.515428026349 47090.954992242914 7654.8404391549238 36756.33370872563 176529.07589843753 -55563.4375 -2921.6505690814365
leaf_weight=163622 6238 47035 26 36 27 30 20 23 20 23 27 28 25 40379 1675 222922 32 56 20 394 1401 9115 135 846 141 1794 117 20 23 3302
leaf_count=163622 6238 47035 26 36 27 30 20 23 20 23 27 28 25 40379 1675 222922 32 56 20 394 1401 9115 135 846 141 1794 117 20 23 3302
internal_value=0 1293.94 4851.09 21425.6 111597 826.01 42321.3 -33481.1 -96452.9 16186.7 -14174.5 16405.7 -20989.1 -155.386 163.07 353.372 2028.21 1939.63 -36811.6 2094.93 5868.64 1165.03 4684.2 26249.2 21500.6 10863.5 21254.1 57161.1 9457.25 -177.342
internal_weight=0 53558 6523 285 53 232 105 127 56 71 85 55 48 445994 282372 241993 19071 19039 76 18963 3749 15214 6099 1122 987 2348 554 137 417 4977
internal_count=499552 53558 6523 285 53 232 105 127 56 71 85 55 48 445994 282372 241993 19071 19039 76 18963 3749 15214 6099 1122 987 2348 554 137 417 4977
is_linear=0
shrinkage=0.1


Tree=37
num_leaves=31
num_cat=0
split_feature=6 5 3 8 0 7 7 0 0 7 3 0 0 0 4 0 8 7 7 0 1 7 7 7 7 7 7 7 0 3
split_gain=9.58839e+12 1.00197e+13 1.59753e+13 1.96847e+13 1.56176e+13 8.09122e+13 2.06352e+13 5.70535e+13 2.96552e+13 2.5038e+13 2.04436e+13 3.74944e+13 1.79595e+13 1.19133e+13 8.50742e+12 8.19559e+12 7.55606e+12 1.06766e+13 1.13734e+13 1.0729e+13 1.39538e+13 8.49758e+12 6.94558e+12 6.8058e+12 8.83654e+12 8.83654e+12 1.54073e+13 9.68637e+12 7.17385e+12 6.7802e+12
threshold=88.500000000000014 1.0000000180025095e-35 1.5000000000000002 1.0000000180025095e-35 2013.5000000000002 93.500000000000014 46.500000000000007 2014.5000000000002 2015.5000000000002 21.500000000000004 2.5000000000000004 2010.5000000000002 2011.5000000000002 2015.5000000000002 1.0000000180025095e-35 2013.5000000000002 1.0000000180025095e-35 81.500000000000014 96.500000000000014 2013.5000000000002 4.5000000000000009 9.5000000000000018 13.500000000000002 46.500000000000007 43.500000000000007 68.500000000000014 73.500000000000014 71.500000000000014 2007.5000000000002 3.5000000000000004
decision_type=2 2 2 2 2 2 2 2 2 2 2 2 2 2 2 2 2 2 2 2 2 2 2 2 2 2 2 2 2 2
left_child=1 2 16 4 10 6 7 -6 -8 -9 12 -12 -4 -11 -3 -5 17 21 19 -19 -21 -1 -23 24 -24 -25 27 -27 -29 -2
right_child=29 14 3 15 5 -7 8 9 -10 13 11 -13 -14 -15 -16 -17 -18 18 -20 20 -22 22 23 25 -26 26 -28 28 -30 -31
leaf_value=9501.5934914090431 -1902.928795314916 -1092.002763093107 13104.654016246493 852.11931482409238 149285.71632393973 193688.43615301725 -99144.513085937506 63123.389302884614 25662.74012438186 -94372.912434895843 -3689.5351658532545 -145572.51311523438 70722.279090169279 -3416.3207411024305 1233.1282200918838 3248.7172876435197 -208.64852299766619 13036.522966258841 -442.38483399716682 98505.101472167982 19294.712743340166 -11895.776514693669 2615.0811133894094 -6605.069767518703 24769.591521923048 8506.1505686653982 -2088.362671821234 21692.071102817245 66895.484913030668 -25075.293959153543
leaf_weight=1106 21979 97069 550 89841 35 29 32 39 47 24 271 20 60 36 18781 16963 240307 917 668 35 61 448 4834 2158 187 504 2267 104 53 127
leaf_count=1106 21979 97069 550 89841 35 29 32 39 47 24 271 20 60 36 18781 16963 240307 917 668 35 61 448 4834 2158 187 504 2267 104 53 127
internal_value=0 94.2704 353.569 1372.45 14426 36980.8 15645.1 39543.8 -24892.1 746.209 8368.02 -13440.9 18772 -39799 -715.065 1232.76 -80.0434 2236.31 9686.87 16366.4 48173.5 1162.26 288.431 828.504 3440.19 -1749.81 1828.63 15262.5 36951.8 -2036.06
internal_weight=0 477446 361596 107947 1143 242 213 134 79 99 901 291 610 60 115850 106804 253649 13342 1681 1013 96 11661 10555 10107 5021 5086 2928 661 157 22106
internal_count=499552 477446 361596 107947 1143 242 213 134 79 99 901 291 610 60 115850 106804 253649 13342 1681 1013 96 11661 10555 10107 5021 5086 2928 661 157 22106
is_linear=0
shrinkage=0.1


Tree=38
num_leaves=31
num_cat=0
split_feature=6 0 7 7 3 3 1 0 0 1 8 7 7 0 7 3 7 6 6 6 6 6 6 6 5 3 8 7 6 6
split_gain=7.7666e+12 8.69852e+12 6.47985e+12 2.66411e+13 8.41409e+12 1.25458e+13 1.06785e+13 4.10144e+13 2.176e+13 8.15404e+12 7.35855e+12 8.24524e+12 7.66198e+12 7.29065e+12 7.16313e+12 3.10991e+13 7.80686e+13 6.47194e+12 6.53209e+12 1.06709e+13 7.2679e+12 1.1967e+13 9.80358e+12 7.3567e+12 7.05622e+12 1.14733e+13 2.31365e+13 1.35766e+13 2.11387e+13 9.64645e+12
threshold=88.500000000000014 2014.5000000000002 81.500000000000014 82.500000000000014 2.5000000000000004 1.0000000180025095e-35 4.5000000000000009 2009.5000000000002 2007.5000000000002 10.500000000000002 380.50000000000006 292.50000000000006 286.50000000000006 2003.5000000000002 203.50000000000003 3.5000000000000004 290.50000000000006 1.0000000180025095e-35 3.5000000000000004 7.5000000000000009 8.5000000000000018 9.5000000000000018 11.500000000000002 12.500000000000002 1.0000000180025095e-35 3.5000000000000004 81.500000000000014 183.50000000000003 4.5000000000000009 6.5000000000000009
decision_type=2 2 2 2 2 2 2 2 2 2 2 2 2 2 2 2 2 2 2 2 2 2 2 2 2 2 2 2 2 2
left_child=1 2 -1 4 5 6 7 13 9 -8 14 12 -12 -4 -5 -16 -17 -3 -19 24 -21 -22 -23 -24 25 29 -27 -28 -29 -20
right_child=-2 17 3 10 -6 -7 8 -9 -10 -11 11 -13 -14 -15 15 16 -18 18 19 20 21 22 23 -25 -26 26 27 28 -30 -31
leaf_value=-528.18980610057031 -1832.4495924205767 4262.945575578553 33757.737357954546 371.64338737902966 9316.0942646737349 75565.120265794845 15134.554489111712 174379.87562500002 -49619.171289062506 75649.568540219901 1456.6260077491904 -753.70459604392306 6847.9309767242848 -37857.246907552086 -952.2527657857363 -24085.226966145834 230977.91929687501 -2052.6457753025447 4169.4826683608007 -6995.5242847696936 11151.41108709766 -5628.3400696086028 9689.5405325276442 818.98752835100822 -1119.4575275975519 132544.64375000002 -19974.95899586397 123153.54761962891 3276.1912674753294 16629.778047419411
leaf_weight=175676 22106 6523 44 109186 1315 46 127 20 51 27 45019 17707 2800 21 74602 30 20 6449 3425 1185 1116 2327 969 26595 1273 21 51 24 38 759
leaf_count=175676 22106 6523 44 109186 1315 46 127 20 51 27 45019 17707 2800 21 74602 30 20 6449 3425 1185 1116 2327 969 26595 1273 21 51 24 38 759
internal_value=0 84.8434 -62.3686 263.642 12924.7 27047.6 19351.7 49152.2 6995.36 25744.3 179.815 1089.71 1772.31 10620.6 -144.501 -899.413 77940 1322.44 888.792 1390.85 690.49 984.228 604.63 1130.83 5423.41 7352.33 36155.9 18243 49680.3 6429.85
internal_weight=0 477446 426691 251015 1651 336 290 85 205 154 249364 65526 47819 65 183838 74652 50 50755 44232 37783 32192 31007 29891 27564 5591 4318 134 113 62 4184
internal_count=499552 477446 426691 251015 1651 336 290 85 205 154 249364 65526 47819 65 183838 74652 50 50755 44232 37783 32192 31007 29891 27564 5591 4318 134 113 62 4184
is_linear=0
shrinkage=0.1


Tree=39
num_leaves=31
num_cat=0
split_feature=3 3 6 7 0 4 3 7 7 1 0 4 7 0 3 8 8 6 6 6 6 6 6 3 0 0 3 8 5 8
split_gain=7.47364e+12 8.9996e+12 1.71735e+13 8.93584e+12 8.3456e+12 7.50445e+12 7.31652e+12 8.66685e+12 9.72571e+12 6.74321e+12 6.51824e+12 5.95405e+12 8.20926e+12 1.08289e+14 6.08808e+12 5.14031e+12 8.89639e+12 7.59703e+12 6.79991e+12 8.43946e+12 6.28237e+12 5.63594e+12 3.23001e+13 7.29282e+12 7.10152e+12 5.47159e+12 7.15243e+12 4.8896e+12 4.4942e+12 4.43564e+12
threshold=1.0000000180025095e-35 2.5000000000000004 1.0000000180025095e-35 9.5000000000000018 2010.5000000000002 1.0000000180025095e-35 1.5000000000000002 68.500000000000014 71.500000000000014 6.5000000000000009 2015.5000000000002 1.0000000180025095e-35 386.50000000000006 2012.5000000000002 3.5000000000000004 380.50000000000006 389.50000000000006 18.500000000000004 37.500000000000007 3.5000000000000004 9.5000000000000018 31.500000000000004 32.500000000000007 1.5000000000000002 2006.5000000000002 2007.5000000000002 1.5000000000000002 886.50000000000011 1.0000000180025095e-35 901.50000000000011
decision_type=2 2 2 2 2 2 2 2 2 2 2 2 2 2 2 2 2 2 2 2 2 2 2 2 2 2 2 2 2 2
left_child=5 2 3 4 -2 28 -5 -8 9 -9 15 12 -3 -14 -13 -4 17 25 19 -18 27 -22 23 -23 -25 -17 -27 -21 -1 -29
right_child=1 11 10 6 -6 -7 7 8 -10 -11 -12 14 13 -15 -16 16 18 -19 -20 20 21 22 -24 24 -26 26 -28 29 -30 -31
leaf_value=-576.81862527788746 13778.42375839142 -1020.500846722474 -17.987488922305275 2480.5627833823119 61090.1850016276 2234.7457824085104 5411.4824330444808 98328.984440104163 14726.059307081308 29508.209047154018 2447.5715231261797 1282.1233949061047 -3065.8837710672642 210582.33713942312 -22647.989466815128 14407.290603100171 -3493.7315693847108 4853.8266182925072 -1093.8192680100306 3770.3710988372463 435.44697243078701 10229.565766162968 470.63378881250696 19085.82398487438 42053.311359160543 17902.110224705117 73271.724181845027 45275.218406080166 -2504.8751752734652 11557.835117111505
leaf_weight=131269 167 76199 173069 9791 48 8917 2274 24 536 35 14289 16585 271 26 107 220 3031 857 12699 9405 20578 398 4474 352 218 51 43 46 13316 257
leaf_count=131269 167 76199 173069 9791 48 8917 2274 24 536 35 14289 16585 271 26 107 220 3031 857 12699 9405 20578 398 4474 352 218 51 43 46 13316 257
internal_value=0 257.61 567.196 4125.21 24341 -580.749 3781.89 8222.92 18967.8 57503.1 376.313 -582.437 -955.826 15637.3 1128.73 245.181 1110.6 9729.31 914.472 1572.47 2002.26 1192.29 4054.17 20616.9 27869.9 23036 43230.8 4173.19 -754.389 16676.6
internal_weight=0 346050 252862 12875 215 153502 12660 2869 595 59 239987 93188 76496 297 16692 225698 52629 1171 51458 38759 35728 26020 5442 968 570 314 94 9708 144585 303
internal_count=499552 346050 252862 12875 215 153502 12660 2869 595 59 239987 93188 76496 297 16692 225698 52629 1171 51458 38759 35728 26020 5442 968 570 314 94 9708 144585 303
is_linear=0
shrinkage=0.1


Tree=40
num_leaves=31
num_cat=0
split_feature=0 6 6 6 6 8 6 6 6 6 6 8 7 7 6 7 1 6 7 7 0 5 3 7 3 0 5 3 4 0
split_gain=7.1139e+12 6.87731e+12 1.02611e+13 3.4183e+13 1.39439e+13 1.13079e+13 1.06541e+13 9.30353e+12 9.71492e+12 1.04737e+13 1.72982e+13 1.72598e+13 1.57829e+13 1.26382e+13 1.18111e+13 1.07364e+13 6.09259e+13 1.05156e+13 9.90887e+12 1.24316e+14 5.46914e+13 7.6738e+13 1.9701e+13 9.90302e+12 2.09956e+13 9.80417e+12 9.76314e+12 1.34718e+13 9.5137e+12 1.27357e+13
threshold=1997.5000000000002 79.500000000000014 75.500000000000014 76.500000000000014 78.500000000000014 479.50000000000006 73.500000000000014 68.500000000000014 50.500000000000007 23.500000000000004 15.500000000000002 97.500000000000014 74.500000000000014 73.500000000000014 25.500000000000004 386.50000000000006 10.500000000000002 1.0000000180025095e-35 25.500000000000004 24.500000000000004 2012.5000000000002 1.0000000180025095e-35 2.5000000000000004 10.500000000000002 3.5000000000000004 2014.5000000000002 1.0000000180025095e-35 3.5000000000000004 1.0000000180025095e-35 2015.5000000000002
decision_type=2 2 2 2 2 2 2 2 2 2 2 2 2 2 2 2 2 2 2 2 2 2 2 2 2 2 2 2 2 2
left_child=-1 2 6 5 -5 -4 7 8 9 10 12 14 13 17 25 26 -17 18 19 23 22 -22 -21 24 -2 -11 -14 -28 29 -23
right_child=1 -3 3 4 -6 -7 -8 -9 -10 11 -12 -13 15 -15 -16 16 -18 -19 -20 20 21 28 -24 -25 -26 -27 27 -29 -30 -31
leaf_value=-987.23836759328424 2573.1213355880504 -1352.8057907916645 15712.580936164857 -4029.583557607335 8581.1104301850191 43512.220803158787 -6129.997677472802 3836.7843403565421 -1554.8489683882433 6545.8142127854089 -1724.9855128318559 133.82510031101748 1789.6881217388066 -9174.4227912102688 2343.757908488466 -92.069804113051475 177698.06711850374 -1089.3338868723592 -365.74231719759399 48159.817854221212 196612.35569045611 51571.085611556417 13986.674523974356 -2293.909477324326 90969.254123263891 23126.415224507902 -146.4147998786529 -28540.10113234747 91218.907827148447 6101.5470726376489
leaf_weight=63685 5566 28668 980 2577 1329 172 2647 7046 30127 3099 47848 56040 77988 1640 32749 119 23 69089 24687 191 37 231 1445 9598 27 403 31249 168 40 84
leaf_count=63685 5566 28668 980 2577 1329 172 2647 7046 30127 3099 47848 56040 77988 1640 32749 119 23 69089 24687 191 37 231 1445 9598 27 403 31249 168 40 84
internal_value=0 144.246 249.643 4725.68 261.152 19863.2 193.345 235.243 170.581 314.05 -0.272681 1233.71 371.153 -460.041 2934.02 1225.78 28704.9 -331.283 918.491 2759.7 26014.9 59563.4 17976.3 -344.861 2999.85 8453.86 1190.11 -298.248 45279.5 39445.9
internal_weight=0 435867 407199 5058 3906 1152 402141 399494 392448 362321 270030 92291 222182 112635 36251 109547 142 110995 41906 17219 2028 392 1636 15191 5593 3502 109405 31417 355 315
internal_count=499552 435867 407199 5058 3906 1152 402141 399494 392448 362321 270030 92291 222182 112635 36251 109547 142 110995 41906 17219 2028 392 1636 15191 5593 3502 109405 31417 355 315
is_linear=0
shrinkage=0.1


Tree=41
num_leaves=31
num_cat=0
split_feature=0 1 7 0 5 8 0 7 1 7 3 3 1 3 7 7 3 7 7 6 1 7 8 8 3 7 7 8 7 6
split_gain=6.26104e+12 5.39751e+12 6.85584e+12 4.94007e+13 3.77777e+12 7.18186e+12 1.01158e+13 2.07998e+13 1.44313e+14 2.1138e+13 2.04791e+13 6.41985e+12 1.35116e+13 4.60577e+12 7.84851e+12 1.06463e+13 1.07027e+13 1.4129e+13 1.60294e+13 2.15757e+13 3.0207e+13 1.92168e+13 1.17506e+13 9.34488e+12 8.68704e+12 8.09828e+12 6.68143e+12 7.60407e+12 9.13925e+12 6.83353e+12
threshold=2001.5000000000002 6.5000000000000009 386.50000000000006 2012.5000000000002 1.0000000180025095e-35 1.0000000180025095e-35 2011.5000000000002 81.500000000000014 7.5000000000000009 91.500000000000014 1.0000000180025095e-35 2.5000000000000004 9.5000000000000018 2.5000000000000004 253.50000000000003 27.500000000000004 3.5000000000000004 233.50000000000003 44.500000000000007 7.5000000000000009 8.5000000000000018 71.500000000000014 111.50000000000001 43.500000000000007 3.5000000000000004 62.500000000000007 159.50000000000003 32.500000000000007 135.50000000000003 21.500000000000004
decision_type=2 2 2 2 2 2 2 2 2 2 2 2 2 2 2 2 2 2 2 2 2 2 2 2 2 2 2 2 2 2
left_child=-1 -2 4 -4 5 6 -3 11 -9 -10 -11 -8 -13 -7 15 23 -17 18 -18 20 -20 -22 -23 -15 -25 -21 27 -27 -29 -28
right_child=1 2 3 -5 -6 13 7 8 9 10 -12 12 -14 14 -16 16 17 -19 19 25 21 22 -24 24 -26 26 29 28 -30 -31
leaf_value=-500.38269992077949 -173.73371423589779 1771.7611120228526 -6714.3041797816204 146964.47517841047 -196.56918833578123 804.6379352934523 9154.0136009107318 235975.40249023438 80560.548565204328 7131.1411661392603 -90089.703411458337 32667.380341045675 -60398.715424679489 -5899.7813689716968 -19754.786334228516 -7098.2219009580358 74477.522806919646 82678.806973702565 -48917.375718750001 -57887.718430989589 6096.0755452473968 174172.68781250002 73042.317071759258 -10062.807711693549 -79507.13813135901 64653.623117897732 -51370.738528575072 -14800.535462271813 40705.20364350819 -2999.8548847961429
leaf_weight=166643 157783 3344 107 26 43164 125660 1120 32 26 78 30 26 39 130 284 506 35 28 25 30 24 20 27 31 43 22 46 101 42 80
leaf_count=166643 157783 3344 107 26 43164 125660 1120 32 26 78 30 26 39 130 284 506 35 28 25 30 24 20 27 31 43 22 46 101 42 80
internal_value=0 250.475 632.673 23328.2 615.424 881.29 4722.13 12024.9 45176.7 -387.223 -19874.6 7380.84 -23172.3 739.45 -4817.93 -1253.17 3049.15 13746.2 9476 4020.24 45614.2 78900 116077 -22047.7 -50415.6 -8419.1 -3319.24 9922.09 1501.85 -20659.1
internal_weight=0 332909 175126 133 174993 131829 4695 1351 166 134 108 1185 65 127134 1474 1190 986 480 452 417 96 71 47 204 74 321 291 165 143 126
internal_count=499552 332909 175126 133 174993 131829 4695 1351 166 134 108 1185 65 127134 1474 1190 986 480 452 417 96 71 47 204 74 321 291 165 143 126
is_linear=0
shrinkage=0.1


Tree=42
num_leaves=31
num_cat=0
split_feature=3 3 8 7 0 7 1 1 1 7 3 4 7 0 7 6 8 6 8 6 7 7 7 0 6 7 8 6 7 6
split_gain=6.20701e+12 7.16147e+12 1.39184e+13 1.27237e+13 2.46498e+13 1.05029e+13 9.10108e+12 1.05126e+13 9.66144e+12 7.17549e+12 6.30857e+12 6.07113e+12 5.72322e+12 6.64859e+12 5.98478e+12 5.58257e+12 1.23492e+13 1.07845e+13 1.04945e+13 8.63366e+12 7.69915e+12 1.06786e+13 1.34969e+13 1.36865e+13 6.22264e+12 7.5306e+12 6.14116e+12 5.81175e+12 8.81675e+12 4.81943e+12
threshold=1.0000000180025095e-35 2.5000000000000004 1.0000000180025095e-35 68.500000000000014 2009.5000000000002 46.500000000000007 5.5000000000000009 7.5000000000000009 9.5000000000000018 73.500000000000014 1.5000000000000002 1.0000000180025095e-35 9.5000000000000018 2010.5000000000002 13.500000000000002 12.500000000000002 886.50000000000011 21.500000000000004 77.500000000000014 6.5000000000000009 135.50000000000003 112.50000000000001 119.50000000000001 2014.5000000000002 37.500000000000007 145.50000000000003 732.50000000000011 1.0000000180025095e-35 161.50000000000003 31.500000000000004
decision_type=2 2 2 2 2 2 2 2 2 2 2 2 2 2 2 2 2 2 2 2 2 2 2 2 2 2 2 2 2 2
left_child=11 2 3 5 -5 12 9 -8 -9 -6 -4 -1 13 -2 -14 16 18 -17 -12 27 21 -21 23 26 25 -19 -23 -20 -29 -27
right_child=1 -3 10 4 6 -7 7 8 -10 -11 15 -13 14 -15 -16 17 -18 24 19 20 -22 22 -24 -25 -26 29 -28 28 -30 -31
leaf_value=-685.43305464108721 12201.017923138243 -514.59705805569899 -44.704372085367424 8319.8368602337632 58877.973824869798 -9159.4647982352126 110276.38717176649 7402.058963260135 75402.066474405918 -3984.7418393342396 -508.61400232099669 2003.1329886671967 -15628.904483695653 54429.469808959962 5900.4729810960034 -1361.0963304510383 23318.464433487112 5127.5607244799185 6481.8429539545605 1659.197280475664 3168.4373500142337 29271.258915094411 9428.2507070322026 87229.118876689186 204.61945616130359 238.40397695861958 -4213.0269368489589 -1705.4399151154446 3636.6671826798442 3648.6866926875082
leaf_weight=144585 167 93188 134890 772 30 560 36 37 48 46 12746 8917 138 48 2006 22527 269 7106 2008 1288 6114 322 1926 37 28010 13111 66 6902 5593 6059
leaf_count=144585 167 93188 134890 772 30 560 36 37 48 46 12746 8917 138 48 2006 22527 269 7106 2008 1288 6114 322 1926 37 28010 13111 66 6902 5593 6059
internal_value=0 234.768 510.934 6447.92 16376.8 3151.92 47950.1 64984.5 45802.1 20829.5 418.221 -529.253 6074.5 21628.8 4514.72 965.572 1969.81 478.298 1814.61 3035.41 5336.04 8977.91 12987.5 29117.1 1241.59 2346.99 23575.5 1488.28 685.789 1316.28
internal_weight=0 346050 252862 3888 969 2919 197 121 85 76 248974 153502 2359 215 2144 114084 37271 76813 37002 24256 9753 3639 2351 425 54286 26276 388 14503 12495 19170
internal_count=499552 346050 252862 3888 969 2919 197 121 85 76 248974 153502 2359 215 2144 114084 37271 76813 37002 24256 9753 3639 2351 425 54286 26276 388 14503 12495 19170
is_linear=0
shrinkage=0.1


Tree=43
num_leaves=31
num_cat=0
split_feature=7 3 6 6 0 4 5 3 8 7 7 1 0 8 6 6 0 7 0 0 7 7 7 3 1 7 0 7 0 7
split_gain=5.90537e+12 2.62828e+13 1.87705e+14 7.25675e+12 2.88359e+13 5.40679e+12 7.78034e+12 1.00287e+13 6.26428e+12 3.09199e+13 3.03427e+13 7.15138e+13 2.17493e+13 5.1672e+12 6.62953e+12 2.31515e+13 7.91458e+12 5.10062e+12 1.00239e+13 7.63543e+12 6.65482e+12 7.30607e+12 6.24699e+12 1.45672e+13 1.32484e+14 1.26958e+13 9.57752e+12 9.08061e+12 9.00053e+12 5.23861e+12
threshold=342.50000000000006 3.5000000000000004 22.500000000000004 3.5000000000000004 2012.5000000000002 1.0000000180025095e-35 1.0000000180025095e-35 1.5000000000000002 1.0000000180025095e-35 96.500000000000014 93.500000000000014 6.5000000000000009 2009.5000000000002 479.50000000000006 76.500000000000014 75.500000000000014 2006.5000000000002 13.500000000000002 2013.5000000000002 2016.5000000000002 91.500000000000014 81.500000000000014 73.500000000000014 3.5000000000000004 8.5000000000000018 68.500000000000014 2013.5000000000002 20.500000000000004 2007.5000000000002 9.5000000000000018
decision_type=2 2 2 2 2 2 2 2 2 2 2 2 2 2 2 2 2 2 2 2 2 2 2 2 2 2 2 2 2 2
left_child=5 3 -3 4 -2 6 7 -1 9 10 17 -12 -11 -10 15 -15 -17 18 29 20 21 22 23 25 -25 27 -24 -19 -27 -9
right_child=1 2 -4 -5 -6 -7 -8 8 13 12 11 -13 -14 14 -16 16 -18 19 -20 -21 -22 -23 26 24 -26 28 -28 -29 -30 -31
leaf_value=-154.98142241756727 -2788.1572952540573 267809.76643750002 -109177.1495814732 -1707.3839018559356 -119589.71095252405 1067.7331216853343 -830.80338594656098 20873.850144082797 594.2086722293908 -17084.501930275943 -26030.871551106771 194191.50949286099 -143312.59042271206 3009.8245610568997 -1675.1205083834707 30135.841386922199 93196.847987994028 23836.915211332234 -70321.755035665759 59784.728301411291 -35477.747769165042 59443.841756184906 4103.3615541294648 218409.23253348214 -79445.137094116217 24845.409703480116 -68002.280624999999 -4778.2798222619904 105751.77788085939 -27659.9846875
leaf_weight=240363 113 25 28 19881 26 48818 97042 61 73062 39 30 29 21 15760 3246 48 34 153 23 31 32 30 70 28 32 44 25 403 20 35
leaf_count=240363 113 25 28 19881 26 48818 97042 61 73062 39 30 29 21 15760 3246 48 34 153 23 31 32 30 70 28 32 44 25 403 20 35
internal_value=0 -1680.4 68646.9 -1866.58 -24635.9 70.3485 -42.7111 186.527 1066.75 8547.88 12552.4 82214 -61264.3 976.958 2441.98 3285.57 56283.1 8388.23 -11026.8 11050 9244.99 11022.8 9148.42 12504.2 59553.6 7951.02 -14871.8 3096.05 50128.6 3179.22
internal_weight=0 20073 53 20020 139 479479 430661 333619 93256 1106 1046 59 60 92150 19088 15842 82 987 119 868 837 805 775 680 60 620 95 556 64 96
internal_count=499552 20073 53 20020 139 479479 430661 333619 93256 1106 1046 59 60 92150 19088 15842 82 987 119 868 837 805 775 680 60 620 95 556 64 96
is_linear=0
shrinkage=0.1


Tree=44
num_leaves=31
num_cat=0
split_feature=0 8 7 3 1 7 7 7 7 0 5 3 5 7 7 7 7 3 0 6 0 4 0 0 1 0 8 8 6 3
split_gain=5.31526e+12 5.43565e+12 9.54137e+12 3.12977e+13 1.78852e+14 2.27865e+13 1.67483e+13 6.03556e+13 3.8055e+13 4.63134e+13 6.12105e+13 1.56652e+13 1.179e+13 1.12648e+13 1.12872e+13 9.03814e+12 9.68337e+12 1.6764e+13 1.979e+13 8.02395e+12 9.43103e+12 7.64405e+12 1.03148e+13 3.03312e+13 4.85627e+13 8.81522e+12 7.04654e+12 8.64389e+12 1.27887e+13 1.01354e+13
threshold=1996.5000000000002 2.5000000000000004 81.500000000000014 3.5000000000000004 6.5000000000000009 110.50000000000001 28.500000000000004 24.500000000000004 25.500000000000004 2012.5000000000002 1.0000000180025095e-35 2.5000000000000004 1.0000000180025095e-35 9.5000000000000018 13.500000000000002 29.500000000000004 45.500000000000007 3.5000000000000004 2015.5000000000002 1.0000000180025095e-35 2011.5000000000002 1.0000000180025095e-35 2015.5000000000002 2014.5000000000002 6.5000000000000009 2013.5000000000002 26.500000000000004 14.500000000000002 68.500000000000014 3.5000000000000004
decision_type=2 2 2 2 2 2 2 2 2 2 2 2 2 2 2 2 2 2 2 2 2 2 2 2 2 2 2 2 2 2
left_child=-1 2 6 5 12 19 7 13 9 11 -11 -9 -5 -2 -15 -8 -17 -18 -19 20 -4 22 23 25 -25 -12 27 28 29 -3
right_child=1 26 3 4 -6 -7 15 8 -10 10 21 -13 -14 14 -16 16 17 18 -20 -21 -22 -23 -24 24 -26 -27 -28 -29 -30 -31
leaf_value=-1114.6805718646813 2315.6283084487163 -574.25568081402423 6817.3935175161887 -120642.20305397728 234973.97049107144 -3391.317582674581 -8140.0005144043207 41239.529724907537 956.14436328554552 176039.11802945525 49627.766606521611 12213.261264397863 -15888.359002976191 -12616.14985408296 -1250.0262917595751 2469.8481518737917 -2346.4190233791078 -127836.3840013587 -12440.256454613096 -238.71841116226801 18030.734622595868 82060.046132812509 5644.0400937034974 42346.254679840691 212484.89272656251 1191.3775079412776 176.90460266295094 -2234.2110371149151 6413.4006623016985 19818.661089365436
leaf_weight=39404 10677 46469 3522 22 35 3089 1981 211 1313 37 64 1565 21 979 8123 5463 11635 23 42 1126 953 40 84 51 25 91 330023 29372 2867 245
leaf_count=39404 10677 46469 3522 22 35 3089 1981 211 1313 37 64 1565 21 979 8123 5463 11635 23 42 1126 953 40 84 51 25 91 330023 29372 2867 245
internal_value=0 95.4538 1067.1 4070.01 67132.1 3503.98 446.183 2249.18 14391.6 22528.4 53638.6 15661.8 -69483.3 112.179 -2472.55 -1744.46 -1006.27 -2629.34 -53272.7 7306.79 9205.4 40881.3 35652.3 46564.4 98312.9 21190.9 -26.1212 -874.768 -69.4277 -467.301
internal_weight=0 460148 51172 8768 78 8690 42404 23260 3481 2168 392 1776 43 19779 9102 19144 17163 11700 65 5601 4475 355 315 231 76 155 408976 78953 49581 46714
internal_count=499552 460148 51172 8768 78 8690 42404 23260 3481 2168 392 1776 43 19779 9102 19144 17163 11700 65 5601 4475 355 315 231 76 155 408976 78953 49581 46714
is_linear=0
shrinkage=0.1


Tree=45
num_leaves=31
num_cat=0
split_feature=0 3 8 7 7 7 8 7 1 8 8 1 6 7 7 0 6 6 8 7 7 8 1 7 6 3 7 1 7 8
split_gain=5.03861e+12 1.16032e+13 4.43665e+13 5.20889e+13 7.62373e+13 4.03888e+13 5.33995e+13 1.00521e+14 5.05323e+13 1.12351e+14 5.70938e+13 3.45095e+13 3.0425e+13 2.91058e+13 5.25641e+13 1.99318e+13 1.98525e+13 1.53345e+13 1.19878e+13 8.92803e+12 8.87784e+12 8.10464e+12 6.04873e+12 5.71798e+12 5.35212e+12 4.0196e+12 1.37027e+13 6.23042e+12 4.39373e+13 6.40103e+13
threshold=2015.5000000000002 3.5000000000000004 141.50000000000003 24.500000000000004 34.500000000000007 279.50000000000006 49.500000000000007 82.500000000000014 7.5000000000000009 2.5000000000000004 8.5000000000000018 6.5000000000000009 1.0000000180025095e-35 133.50000000000003 191.50000000000003 2014.5000000000002 1.5000000000000002 53.500000000000007 19.500000000000004 371.50000000000006 312.50000000000006 6.5000000000000009 5.5000000000000009 119.50000000000001 7.5000000000000009 2.5000000000000004 357.50000000000006 11.500000000000002 10.500000000000002 5.5000000000000009
decision_type=2 2 2 2 2 2 2 2 2 2 2 2 2 2 2 2 2 2 2 2 2 2 2 2 2 2 2 2 2 2
left_child=1 22 3 11 -5 6 8 -8 9 -6 15 21 -4 -9 -15 -10 -13 -12 -11 25 23 -3 -1 -14 -25 -2 27 -27 29 -29
right_child=19 2 12 4 5 -7 7 13 10 18 17 16 20 14 -16 -17 -18 -19 -20 -21 -22 -23 -24 24 -26 26 -28 28 -30 -31
leaf_value=-575.68117160819804 1822.7066039750655 85659.298530505956 -130590.86377840908 194533.97225378791 200935.32937878024 172818.977109375 271003.46287286934 -43713.79353027344 -212701.25203125004 9204.4604021990745 -26592.039285714287 -149534.76971807066 -26737.131674107142 171187.31416666668 -4878.9346153846154 -79915.955588942321 -34433.19280523256 83173.629375000004 -85028.48981481482 54869.108770161285 -58242.305346679692 -3288.3039062500002 170.9826857353687 39726.163216145833 -1944.3206380208333 -1328.0501082728963 -77888.076970108697 -5018.3767399714552 357.43315883808668 226746.42223788175
leaf_weight=171137 23561 21 22 33 31 20 22 32 20 27 35 23 70 30 39 26 43 20 27 31 32 20 296415 39 147 7126 23 26 432 22
leaf_count=171137 23561 21 22 33 31 20 22 32 20 27 35 23 70 30 39 26 43 20 27 31 32 20 296415 39 147 7126 23 26 432 22
internal_value=0 -81.9996 12112.4 31514.7 49633.2 35099.1 26185.2 77305.5 -7620.12 49197 -55436.5 -29783.6 -17241.4 35113.9 71671.6 -137649 -74544.3 13322.7 -37912 1230.04 -8582.8 42270.2 -102.317 -2375.37 6793.04 1176.72 -818.293 -585.239 10442.4 101207
internal_weight=0 468331 779 469 362 329 309 123 186 85 101 107 310 101 69 46 66 55 54 31221 288 41 467552 256 186 31190 7629 7606 480 48
internal_count=499552 468331 779 469 362 329 309 123 186 85 101 107 310 101 69 46 66 55 54 31221 288 41 467552 256 186 31190 7629 7606 480 48
is_linear=0
shrinkage=0.1


Tree=46
num_leaves=31
num_cat=0
split_feature=7 7 6 3 3 7 6 0 6 6 4 5 3 7 7 0 6 7 3 8 6 6 7 1 3 7 6 7 6 7
split_gain=4.85342e+12 1.42782e+13 8.30685e+12 1.01928e+14 2.31315e+13 1.52652e+13 7.77154e+12 2.33539e+13 6.21257e+12 4.41297e+12 4.06063e+12 5.99054e+12 6.6187e+12 6.22731e+12 5.97704e+12 6.76337e+12 5.85648e+12 5.80428e+12 3.76253e+13 2.06047e+13 5.19434e+12 8.73676e+12 1.20394e+13 1.38408e+13 7.53731e+12 5.18538e+12 5.14026e+12 8.95672e+12 5.05975e+12 5.72204e+12
threshold=292.50000000000006 286.50000000000006 7.5000000000000009 3.5000000000000004 3.5000000000000004 353.50000000000006 3.5000000000000004 2012.5000000000002 31.500000000000004 29.500000000000004 1.0000000180025095e-35 1.0000000180025095e-35 1.5000000000000002 199.50000000000003 89.500000000000014 2013.5000000000002 1.0000000180025095e-35 94.500000000000014 3.5000000000000004 3.5000000000000004 12.500000000000002 6.5000000000000009 161.50000000000003 11.500000000000002 3.5000000000000004 87.500000000000014 4.5000000000000009 239.50000000000003 23.500000000000004 139.50000000000003
decision_type=2 2 2 2 2 2 2 2 2 2 2 2 2 2 2 2 2 2 2 2 2 2 2 2 2 2 2 2 2 2
left_child=1 10 3 6 -4 -6 7 -2 9 -3 11 12 -1 14 16 -16 -14 18 -17 -19 21 22 24 -24 -21 -18 27 -15 -22 -30
right_child=2 8 4 -5 5 -7 -8 -9 -10 -11 -12 -13 13 26 15 17 25 19 -20 20 28 -23 23 -25 -26 -27 -28 -29 29 -31
leaf_value=-123.30144815166689 -2174.3848158439705 5436.1609138262656 -1207.1625551729555 170289.6977213542 -27056.566640940018 -115758.79076723846 2070.3636883057857 -107288.60384615386 13076.420655363949 -2819.6423191438084 954.17584025408257 -759.44291939960317 4464.4007042983449 -2697.2567371195537 1652.255614490954 3157.0092054964894 4.3462041146814085 -75218.295233154306 136790.74325000003 -4606.580926590932 -1008.4598119743929 17844.058295500592 9112.0698643772612 70472.183123474126 -50687.627403846156 -9391.3649524391403 -834.47722599635097 21555.786996735918 10837.067474197436 1466.5884657563138
leaf_weight=220428 113 3275 48822 36 124 23 6261 26 878 807 44608 91918 2987 331 28932 134 22680 32 25 395 1626 764 454 40 39 603 20302 282 1289 1318
leaf_count=220428 113 3275 48822 36 124 23 6261 26 878 807 44608 91918 2987 331 28932 134 22680 32 25 395 1626 764 454 40 39 603 20302 282 1289 1318
internal_value=0 110.089 -882.516 2494.99 -1326.42 -40935.1 1551.15 -21836 5445.38 3804.01 49.8346 -52.4031 162.325 927.954 1436.19 2290.95 295.803 5312.33 24168.6 4809.03 5241.25 9924.47 3404.47 14080.5 -8747.5 -238.991 -562.066 8459.93 3369.29 6099.71
internal_weight=0 444147 55405 6436 48969 147 6400 139 4960 4082 439187 394579 302661 82233 61318 35048 26270 6116 159 5957 5925 1692 928 494 434 23283 20915 613 4233 2607
internal_count=499552 444147 55405 6436 48969 147 6400 139 4960 4082 439187 394579 302661 82233 61318 35048 26270 6116 159 5957 5925 1692 928 494 434 23283 20915 613 4233 2607
is_linear=0
shrinkage=0.1


Tree=47
num_leaves=31
num_cat=0
split_feature=6 6 6 6 6 0 8 6 6 7 8 6 6 6 0 6 7 1 1 7 3 7 7 7 7 5 0 0 4 1
split_gain=4.57379e+12 8.01782e+12 2.45733e+13 1.10697e+13 8.2079e+12 7.56914e+12 8.64938e+12 7.1217e+12 6.2171e+12 9.30425e+12 5.07436e+12 6.21777e+12 5.33784e+12 2.42925e+13 6.77161e+12 4.86525e+12 7.48446e+12 4.0956e+13 1.17908e+13 1.15448e+13 4.72526e+13 1.81018e+13 1.1812e+13 1.11928e+13 2.08639e+13 1.07196e+13 1.11052e+13 1.04203e+13 9.87457e+12 1.74857e+13
threshold=79.500000000000014 75.500000000000014 76.500000000000014 78.500000000000014 73.500000000000014 2006.5000000000002 479.50000000000006 72.500000000000014 82.500000000000014 161.50000000000003 489.50000000000006 37.500000000000007 31.500000000000004 32.500000000000007 2004.5000000000002 1.0000000180025095e-35 386.50000000000006 10.500000000000002 2.5000000000000004 131.50000000000003 3.5000000000000004 81.500000000000014 87.500000000000014 46.500000000000007 43.500000000000007 1.0000000180025095e-35 2011.5000000000002 2010.5000000000002 1.0000000180025095e-35 7.5000000000000009
decision_type=2 2 2 2 2 2 2 2 2 2 2 2 2 2 2 2 2 2 2 2 2 2 2 2 2 2 2 2 2 2
left_child=1 4 5 -4 7 -3 -7 10 -2 -10 15 12 -12 14 -14 16 19 18 -18 21 -21 23 28 24 -1 26 -26 -20 -23 -30
right_child=8 2 3 -5 -6 6 -8 -9 9 -11 11 -13 13 -15 -16 -17 17 -19 27 20 -22 22 -24 -25 25 -27 -28 -29 29 -31
leaf_value=681.57785343382943 -4914.9889203931662 9873.9551387416359 -3699.3600835070874 7435.9589741120644 -5244.0458521486398 19097.658580220039 53208.062517170329 7023.1686876925851 6501.4716971497937 -1087.4683419830069 926.08486641481431 -1876.4843637193012 8195.2135814109788 562.48012734899044 21631.573722887533 -230.82516706388515 63111.276558254081 134562.12956814235 5340.7969556725548 -4609.1370982551371 -151788.14708806819 10778.342835052721 3256.2524552222135 -1823.4831905540575 13987.182872188117 3012.1282438475591 42739.181957470399 -64455.725919858873 10213.821713753634 114097.06201923078
leaf_weight=31684 3851 870 2699 1334 2926 406 91 1468 1717 27341 43862 6941 726 4793 776 336160 23 27 69 2579 22 1723 7760 17777 866 802 159 31 43 26
leaf_count=31684 3851 870 2699 1334 2926 406 91 1468 1717 27341 43862 6941 726 4793 776 336160 23 27 69 2579 22 1723 7760 17777 866 802 159 31 43 26
internal_value=0 80.3549 3911.28 -16.1179 35.5044 15498.1 25343.2 69.2102 -1139.42 -639.048 46.865 928.702 1316.9 4040 15137 -79.0913 723.017 23034.2 -1447.59 670.264 -5854.02 949.187 4946.12 204.789 1280.75 11671.7 18447.2 -16296.1 12263.8 49358.2
internal_weight=0 466643 5400 4033 461243 1367 497 458317 32909 29058 456849 57098 50157 6295 1502 399751 63591 150 123 63441 2601 60840 9552 51288 33511 1827 1025 100 1792 69
internal_count=499552 466643 5400 4033 461243 1367 497 458317 32909 29058 456849 57098 50157 6295 1502 399751 63591 150 123 63441 2601 60840 9552 51288 33511 1827 1025 100 1792 69
is_linear=0
shrinkage=0.1


Tree=48
num_leaves=31
num_cat=0
split_feature=0 7 7 7 6 3 1 6 3 7 0 6 3 7 6 1 3 7 6 8 1 0 6 7 7 7 6 0 3 6
split_gain=4.34049e+12 4.42973e+12 7.95777e+12 9.53165e+12 1.54883e+13 3.75681e+13 1.61723e+13 1.10292e+13 8.6204e+12 3.1403e+13 1.01134e+13 7.80605e+12 3.46594e+13 1.28155e+14 1.23331e+13 1.73311e+13 8.10626e+12 1.98763e+13 7.96114e+12 1.03816e+13 1.05275e+13 1.31832e+13 7.57391e+12 8.30052e+12 8.17964e+12 7.20107e+12 9.52886e+12 1.10765e+13 2.60327e+13 6.94217e+12
threshold=1999.5000000000002 201.50000000000003 91.500000000000014 102.50000000000001 3.5000000000000004 3.5000000000000004 5.5000000000000009 12.500000000000002 3.5000000000000004 177.50000000000003 2014.5000000000002 7.5000000000000009 3.5000000000000004 310.50000000000006 3.5000000000000004 8.5000000000000018 3.5000000000000004 353.50000000000006 19.500000000000004 125.50000000000001 4.5000000000000009 2015.5000000000002 4.5000000000000009 185.50000000000003 135.50000000000003 98.500000000000014 4.5000000000000009 2014.5000000000002 3.5000000000000004 6.5000000000000009
decision_type=2 2 2 2 2 2 2 2 2 2 2 2 2 2 2 2 2 2 2 2 2 2 2 2 2 2 2 2 2 2
left_child=-1 2 -2 25 5 -5 -7 8 22 10 -10 12 14 -14 15 -3 -13 18 -18 20 -20 -22 23 -6 29 26 27 -4 -29 -24
right_child=1 11 3 4 7 6 -8 -9 9 -11 -12 16 13 -15 -16 -17 17 -19 19 -21 21 -23 24 -25 -26 -27 -28 28 -30 -31
leaf_value=-542.62856488474642 -69.214964857292017 -2879.196799128606 3739.042601636203 -3732.8181601982515 -1968.1040982183924 -36616.715048363098 -160722.39806547621 216.93884835481518 55912.245687500006 91705.042679687496 -14731.444020151868 -635.50500846520288 -7237.6772395833341 279790.63229166664 1835.877940158427 -90160.840959821435 -25519.310951450894 -104143.26693274458 -15799.878159877233 -9793.9550444206307 -652.61140625000007 105648.18908342633 -1590.340258164317 5986.1829593971752 1833.5375902678163 6666.6611553734829 -1053.0851268521042 15369.617683060966 129713.21569940477 6771.8412914605333
leaf_weight=113824 167520 65 3179 5508 6228 21 21 62533 25 50 107 92670 60 21 12076 35 182 23 28 226 20 28 1140 1662 14549 4729 4929 384 21 7688
leaf_count=113824 167520 65 3179 5508 6228 21 21 62533 25 50 107 92670 60 21 12076 35 182 23 28 226 20 28 1140 1662 14549 4729 4929 384 21 7688
internal_value=0 160.124 367.965 1017.37 682.041 -4451.26 -98669.6 985.182 2512.75 24213.2 -1351.96 -392.418 1979.98 67177.1 1546.26 -33427.8 -704.496 -13314.7 -8998.45 957.837 32930.3 61356.2 2386.44 -292.562 3290.63 3537.86 1799.8 5723.31 21298.5 5691.99
internal_weight=0 385728 280294 112774 99532 5550 42 93982 31449 182 132 105434 12257 81 12176 100 93177 507 484 302 76 48 31267 7890 23377 13242 8513 3584 405 8828
internal_count=499552 385728 280294 112774 99532 5550 42 93982 31449 182 132 105434 12257 81 12176 100 93177 507 484 302 76 48 31267 7890 23377 13242 8513 3584 405 8828
is_linear=0
shrinkage=0.1


Tree=49
num_leaves=31
num_cat=0
split_feature=1 6 3 7 7 7 0 7 0 7 6 6 6 6 6 6 3 1 6 8 8 3 8 8 3 7 8 8 7 6
split_gain=4.16955e+12 4.16266e+12 3.30398e+13 5.41182e+13 7.30281e+13 1.74974e+13 1.69146e+13 8.82961e+12 1.45534e+13 4.85775e+12 4.2335e+12 7.56569e+12 7.72647e+12 5.81438e+12 1.13064e+13 7.05926e+12 6.37633e+12 1.40444e+13 6.12597e+12 5.57614e+12 5.53579e+12 4.11156e+13 2.1249e+13 7.15713e+12 5.42703e+12 5.14125e+12 4.68703e+12 4.676e+12 4.83674e+12 7.52853e+12
threshold=5.5000000000000009 1.0000000180025095e-35 3.5000000000000004 93.500000000000014 25.500000000000004 20.500000000000004 2015.5000000000002 386.50000000000006 2009.5000000000002 68.500000000000014 3.5000000000000004 7.5000000000000009 6.5000000000000009 8.5000000000000018 9.5000000000000018 21.500000000000004 3.5000000000000004 6.5000000000000009 37.500000000000007 239.50000000000003 75.500000000000014 3.5000000000000004 40.500000000000007 57.500000000000007 3.5000000000000004 119.50000000000001 51.500000000000007 151.50000000000003 14.500000000000002 40.500000000000007
decision_type=2 2 2 2 2 2 2 2 2 2 2 2 2 2 2 2 2 2 2 2 2 2 2 2 2 2 2 2 2 2
left_child=-1 2 7 4 5 -4 -6 -2 -9 -8 -3 12 -12 -13 -15 16 -16 -18 20 27 21 23 -23 -17 -21 -14 -19 28 29 -20
right_child=1 10 3 -5 6 -7 9 8 -10 -11 11 13 25 14 15 18 17 26 19 24 -22 22 -24 -25 -26 -27 -28 -29 -30 -31
leaf_value=-371.38473395636493 1041.2045807329978 -905.41499361181513 50948.830931712961 155041.25160714285 -78311.485580842404 162815.25678879314 -18795.93310546875 -2990.9348116989795 -91869.227546296301 43313.856718750001 834.62086698012229 -2837.4596791468971 11640.930304724861 4102.2007651812655 -852.27766339586833 1543.7408968883228 43515.740050551474 -44157.409072730661 -332.42988915709321 -1428.8144636736702 604.47781939607069 36901.853203125 175191.83773437503 7453.6440290860528 -24005.240849974449 3531.951271780852 -14472.008849171605 3770.8981250246784 -218.16677896678962 8194.8876777934929
leaf_weight=188333 40274 37341 27 35 46 29 34 58 27 20 25888 6924 892 6849 60490 11241 34 84 2412 21742 39249 25 20 2506 107 6333 145 3747 42826 1814
leaf_count=188333 40274 37341 27 35 46 29 34 58 27 20 25888 6924 892 6849 60490 11241 34 84 2412 21742 39249 25 20 2506 107 6333 145 3747 42826 1814
internal_value=0 224.742 1169.62 42662.8 17449.7 108880 -33751.1 973.253 -31222.9 4207.69 83.186 241.398 1641.6 9.82324 111.818 -34.7703 -919.83 -16456.8 393.032 -203.499 1210.07 2933.47 98364.1 2621.08 -1539.38 4533.09 -25361 371.071 100.325 3327.9
internal_weight=0 311219 40550 191 156 56 100 40359 85 54 270669 233328 33113 200215 193291 186442 60753 263 125689 72648 53041 13792 45 13747 21849 7225 229 50799 47052 4226
internal_count=499552 311219 40550 191 156 56 100 40359 85 54 270669 233328 33113 200215 193291 186442 60753 263 125689 72648 53041 13792 45 13747 21849 7225 229 50799 47052 4226
is_linear=0
shrinkage=0.1


Tree=50
num_leaves=31
num_cat=0
split_feature=5 8 0 3 1 1 7 1 0 3 0 3 0 3 3 8 7 7 1 3 8 0 0 8 1 6 7 0 1 6
split_gain=4.08138e+12 6.65074e+12 1.16321e+13 2.43442e+13 1.18145e+14 2.37369e+14 8.12714e+13 6.52621e+13 2.00467e+13 6.87047e+12 3.25146e+13 9.12298e+12 1.24583e+13 4.9341e+12 4.55953e+12 6.84809e+12 1.24171e+13 1.97578e+13 1.54304e+13 1.50517e+13 1.54031e+13 1.03589e+13 2.30412e+13 2.78931e+13 4.6944e+13 3.09514e+13 1.05889e+13 1.03156e+13 6.80133e+12 5.58898e+12
threshold=1.0000000180025095e-35 1.0000000180025095e-35 2013.5000000000002 3.5000000000000004 5.5000000000000009 8.5000000000000018 38.500000000000007 2.5000000000000004 2016.5000000000002 2.5000000000000004 2010.5000000000002 1.5000000000000002 2011.5000000000002 1.5000000000000002 2.5000000000000004 31.500000000000004 71.500000000000014 78.500000000000014 5.5000000000000009 3.5000000000000004 119.50000000000001 2014.5000000000002 2016.5000000000002 7.5000000000000009 5.5000000000000009 23.500000000000004 42.500000000000007 2015.5000000000002 10.500000000000002 1.5000000000000002
decision_type=2 2 2 2 2 2 2 2 2 2 2 2 2 2 2 2 2 2 2 2 2 2 2 2 2 2 2 2 2 2
left_child=1 2 9 -4 7 -6 -7 -5 -9 11 -11 -1 -13 -3 -15 21 19 18 -18 -17 27 -16 23 -23 -25 28 -27 -21 -26 -19
right_child=-2 13 3 4 5 6 -8 8 -10 10 -12 12 -14 14 15 16 17 29 -20 20 -22 22 -24 24 25 26 -28 -29 -30 -31
leaf_value=953.67985361194587 -513.48783992112953 -168.98945110137595 6498.8927598270784 107762.7091796875 413732.83884943184 -130665.19776785714 136185.35625000001 -174627.8816915761 -43980.595312500001 -4895.2206813685571 -137020.606015625 8773.8796724298645 56762.303238118489 739.40502779179587 -3830.2809785655286 -5854.0147882535566 -4675.3681188512737 -38845.555987826265 94749.717834142735 -122503.90398706897 -18601.997056250002 -5088.0336854272964 -26778.33785888672 164655.70546595985 6815.0910900297622 122397.95878699166 35429.5634765625 -47255.547815688777 -72747.727707741476 -2840.345763740308
leaf_weight=11842 118174 253591 1607 20 22 21 25 23 24 271 20 550 60 109719 488 335 27 44 37 29 125 98 80 35 21 28 28 49 22 2137
leaf_count=11842 118174 253591 1607 20 22 21 25 23 24 271 20 550 60 109719 488 335 27 44 37 29 125 98 80 35 21 28 28 49 22 2137
internal_value=0 159.11 2260.8 9925.25 50711.6 143570 14362.3 -43533.2 -107914 1213.04 -13976 1568.01 13494.1 76.1347 624.768 -2885.65 -5229.61 -1959.7 52804.8 -18874.5 -40361.5 5268.39 19499.7 35457.6 65110.4 29917.6 78913.8 -75232.5 -33891.5 -3566.72
internal_weight=0 381378 14485 1742 135 68 46 67 47 12743 291 12452 610 366893 113302 3583 2783 2245 64 538 203 800 312 232 134 99 56 78 43 2181
internal_count=499552 381378 14485 1742 135 68 46 67 47 12743 291 12452 610 366893 113302 3583 2783 2245 64 538 203 800 312 232 134 99 56 78 43 2181
is_linear=0
shrinkage=0.1


Tree=51
num_leaves=31
num_cat=0
split_feature=0 4 5 8 7 0 1 3 1 3 0 7 3 7 3 3 1 7 7 0 3 7 7 7 7 3 0 1 0 3
split_gain=3.72403e+12 3.74822e+12 5.00894e+12 6.85518e+12 8.94032e+12 3.39326e+13 1.11903e+14 3.2714e+13 2.97654e+13 1.32143e+13 3.70949e+13 7.99054e+12 1.31333e+13 6.43818e+12 2.06194e+13 1.1423e+13 8.64913e+13 1.04203e+13 1.69051e+13 9.62533e+12 1.26332e+13 6.95456e+12 5.99963e+12 5.35036e+12 7.77889e+12 5.11957e+12 5.10159e+12 1.57016e+13 4.8434e+12 4.79641e+12
threshold=1996.5000000000002 1.0000000180025095e-35 1.0000000180025095e-35 1.0000000180025095e-35 81.500000000000014 2014.5000000000002 6.5000000000000009 2.5000000000000004 8.5000000000000018 2.5000000000000004 2007.5000000000002 96.500000000000014 1.5000000000000002 46.500000000000007 3.5000000000000004 3.5000000000000004 8.5000000000000018 68.500000000000014 73.500000000000014 2012.5000000000002 1.0000000180025095e-35 76.500000000000014 43.500000000000007 9.5000000000000018 13.500000000000002 1.5000000000000002 2013.5000000000002 6.5000000000000009 2010.5000000000002 3.5000000000000004
decision_type=2 2 2 2 2 2 2 2 2 2 2 2 2 2 2 2 2 2 2 2 2 2 2 2 2 2 2 2 2 2
left_child=-1 2 3 4 13 9 7 -7 -8 11 -11 12 26 15 17 22 -17 -15 19 -19 -21 -20 23 28 -25 -5 -6 -28 -2 -3
right_child=1 29 -4 25 5 6 8 -9 -10 10 -12 -13 -14 14 -16 16 -18 18 21 20 -22 -23 -24 24 -26 -27 27 -29 -30 -31
leaf_value=-933.02779036952506 5044.7524386455216 985.95288617804499 -664.31098035990794 -183.33085056575683 9214.4903554497578 22361.689698066086 266922.43716796878 -119880.95308061079 112318.1527490327 1948.7007984430018 -152233.22611328127 -1914.2589814963915 78378.859635416666 -6261.9222718606588 -72873.316308593756 140538.31296874999 -81999.850504032263 11931.21032904574 -7164.4654123267746 20166.081414794924 92061.658013091219 4462.3717261648317 20781.717440086573 -11604.803599130915 2374.6591169462313 713.00592634163343 101273.4851902174 -18324.768601190477 20780.484799980397 -20210.939928172462
leaf_weight=39404 755 45860 92364 219192 797 61 20 22 33 71 20 564 30 1989 40 40 31 528 990 72 37 1071 185 435 4686 89840 23 21 264 107
leaf_count=39404 755 45860 92364 219192 797 61 20 22 33 71 20 564 30 1989 40 40 31 528 990 72 37 1071 185 435 4686 89840 23 21 264 107
internal_value=0 79.8983 -15.1823 171.123 2440.24 9281.27 57144.3 -15341.2 170659 5015.62 -31937.4 7358.98 13363.7 1418.05 -1380.49 3486.33 43373.8 -770.358 3278.09 17516.4 44571 -1122.57 3038.58 2503.97 1187.18 77.247 11044.5 44192.5 9121.53 936.612
internal_weight=0 460148 414181 321817 12785 1662 136 83 53 1526 91 1435 871 11123 4727 6396 71 4687 2698 637 109 2061 6325 6140 5121 309032 841 44 1019 45967
internal_count=499552 460148 414181 321817 12785 1662 136 83 53 1526 91 1435 871 11123 4727 6396 71 4687 2698 637 109 2061 6325 6140 5121 309032 841 44 1019 45967
is_linear=0
shrinkage=0.1


Tree=52
num_leaves=31
num_cat=0
split_feature=0 3 7 1 8 0 8 1 7 7 1 1 6 5 7 7 8 8 7 6 7 8 7 1 8 7 1 7 3 8
split_gain=3.58176e+12 9.09048e+12 4.14562e+13 2.98287e+13 5.17585e+13 4.14448e+13 1.04529e+14 1.68104e+14 1.56134e+14 3.53499e+14 1.12356e+14 3.91193e+13 2.63144e+13 2.07465e+13 3.98788e+13 4.58292e+13 3.84513e+13 2.17295e+13 1.5114e+13 1.75232e+13 1.22833e+13 1.1498e+13 1.1335e+13 1.01574e+13 4.50056e+12 4.4818e+12 4.20951e+12 3.74355e+12 3.07868e+12 2.75197e+13
threshold=2015.5000000000002 3.5000000000000004 343.50000000000006 10.500000000000002 1.0000000180025095e-35 2014.5000000000002 77.500000000000014 4.5000000000000009 20.500000000000004 66.500000000000014 7.5000000000000009 2.5000000000000004 59.500000000000007 1.0000000180025095e-35 41.500000000000007 139.50000000000003 83.500000000000014 5.5000000000000009 64.500000000000014 11.500000000000002 195.50000000000003 23.500000000000004 119.50000000000001 3.5000000000000004 109.50000000000001 371.50000000000006 3.5000000000000004 181.50000000000003 3.5000000000000004 1.0000000180025095e-35
decision_type=2 2 2 2 2 2 2 2 2 2 2 2 2 2 2 2 2 2 2 2 2 2 2 2 2 2 2 2 2 2
left_child=1 26 3 5 -5 12 7 11 -9 -10 -11 -7 13 14 -3 16 -16 -15 21 -20 -17 -6 -8 -24 -21 28 -1 -25 -2 -30
right_child=25 2 -4 4 18 6 22 8 9 10 -12 -13 -14 17 15 20 -18 -19 19 24 -22 -23 23 27 -26 -27 -28 -29 29 -31
leaf_value=-681.35823092924522 1217.5666721192108 85044.634058277035 152836.7919921875 -168675.96059782611 -10387.666753472222 70133.889753605778 -53980.8667561849 -39851.655689538049 592399.54204545461 289353.15617187502 -20978.212876674108 -89052.963651315789 69381.006196863513 -153767.97485795454 -185392.45092592595 75964.485170717599 -19560.286375269396 -30573.333755716467 67518.535834703944 -49815.636057692311 -13806.925844029018 -107778.19423828126 60219.025625000002 19573.125027901788 2661.3728781960231 39041.123235887098 64.390212245440907 -23780.393005548009 -42755.198732004232 1361.7067589529063
leaf_weight=94990 29754 37 20 23 27 26 48 23 22 20 28 38 34 22 27 27 29 41 38 26 35 22 25 28 44 31 372562 69 159 1277
leaf_count=94990 29754 37 20 23 27 26 48 23 22 20 28 38 34 22 27 27 29 41 38 26 35 22 25 28 44 31 372562 69 159 1277
internal_value=0 -69.1361 10724.4 6979.66 -28575.2 18033 41519.7 100353 186192 260464 108327 -24383.3 -12443.8 -25205.5 -5538.03 -33941.1 -99515.1 -73593.7 -8050.89 12848.1 25287.1 -54114 -12814.2 3382.59 -16830.1 1037.08 -87.1194 -11266 999.304 -3523.1
internal_weight=0 468331 779 759 180 579 327 157 93 70 48 64 252 218 155 118 56 63 157 108 62 49 170 122 70 31221 467552 97 31190 1436
internal_count=499552 468331 779 759 180 579 327 157 93 70 48 64 252 218 155 118 56 63 157 108 62 49 170 122 70 31221 467552 97 31190 1436
is_linear=0
shrinkage=0.1


Tree=53
num_leaves=31
num_cat=0
split_feature=7 7 8 1 3 7 1 0 7 6 0 3 7 1 7 1 8 6 0 8 5 6 7 7 7 8 7 1 7 6
split_gain=3.27914e+12 9.77628e+12 7.83047e+12 3.6206e+13 2.12547e+13 1.03188e+13 9.12473e+12 1.02576e+13 4.06724e+12 3.93439e+12 2.81696e+12 4.86692e+12 2.80601e+13 3.30491e+13 7.65194e+13 2.03286e+14 3.7412e+13 2.20794e+13 1.77117e+13 5.64829e+13 5.34902e+13 4.65619e+13 2.23226e+13 1.68828e+13 2.16173e+13 1.51544e+13 2.07479e+13 1.33289e+13 8.04142e+12 6.87758e+12
threshold=292.50000000000006 286.50000000000006 1.5000000000000002 10.500000000000002 3.5000000000000004 353.50000000000006 2.5000000000000004 2012.5000000000002 288.50000000000006 7.5000000000000009 2015.5000000000002 3.5000000000000004 14.500000000000002 10.500000000000002 37.500000000000007 4.5000000000000009 3.5000000000000004 1.5000000000000002 2014.5000000000002 1.5000000000000002 1.0000000180025095e-35 1.0000000180025095e-35 62.500000000000007 54.500000000000007 79.500000000000014 212.50000000000003 153.50000000000003 2.5000000000000004 217.50000000000003 52.500000000000007
decision_type=2 2 2 2 2 2 2 2 2 2 2 2 2 2 2 2 2 2 2 2 2 2 2 2 2 2 2 2 2 2
left_child=1 10 3 6 9 -6 -2 -8 -3 -4 11 -1 17 14 15 -14 -15 -13 21 -20 27 -16 -23 -18 -25 26 -24 -21 -26 -29
right_child=2 8 4 -5 5 -7 7 -9 -10 -11 -12 12 13 16 18 -17 23 -19 19 20 -22 22 25 24 28 -27 -28 29 -30 -31
leaf_value=-40.509404598957559 55866.125050950832 8442.485544113124 1682.2744118676583 126953.01021050347 -26262.416783275225 -98227.626694123654 4995.2475251481337 -68021.271950120194 2422.548961242177 -980.39867290081952 1000.9211073069918 -125762.02705485027 -42893.007519531253 -134051.38774038464 -150529.82481398812 319445.39723958331 -83836.861718750006 -14197.199174589268 176546.61711425782 59026.360687500011 125469.0322265625 -85056.171346768475 105183.55052425987 107869.32615234375 -27217.192252604171 -15121.34558233964 -18.822529560810811 -33036.920797164355 42327.822369650137 15503.87880859375
leaf_weight=409914 23 1716 6261 27 149 23 74 26 3244 48822 28561 24 32 26 21 30 21 68 24 25 36 22 38 20 60 57 37 108 23 40
leaf_count=409914 23 1716 6261 27 149 23 74 26 3244 48822 28561 24 32 26 21 30 21 68 24 25 36 22 38 20 60 57 37 108 23 40
internal_value=0 90.4901 -725.402 22091.6 -787.343 -35885.7 -926.698 -13989 4505.25 -677.746 40.6315 -26.1612 8234.41 15881.6 28924.7 132432 -24986.8 -43301.1 13195.7 31252.5 14568 -10845.7 8202.12 -2118.38 14542.7 23745.2 53283.7 -8509.67 -7945.68 -19917.8
internal_weight=0 444147 55405 150 55255 172 123 100 4960 55083 439187 410626 712 620 470 62 150 92 408 233 209 175 154 124 103 132 75 173 83 148
internal_count=499552 444147 55405 150 55255 172 123 100 4960 55083 439187 410626 712 620 470 62 150 92 408 233 209 175 154 124 103 132 75 173 83 148
is_linear=0
shrinkage=0.1


Tree=54
num_leaves=31
num_cat=0
split_feature=1 0 7 0 0 7 3 7 6 6 8 7 7 7 7 1 0 6 3 3 6 3 7 0 7 8 7 8 6 7
split_gain=3.20962e+12 2.60916e+12 7.54148e+12 4.78111e+13 2.34293e+12 2.15659e+12 5.11043e+12 9.01322e+12 7.21909e+12 1.44439e+13 1.74223e+13 4.52108e+12 7.86695e+12 3.59193e+12 1.25471e+13 4.73439e+13 1.42975e+14 6.55691e+12 5.79245e+13 5.86799e+12 3.84293e+12 5.9343e+12 3.12058e+13 1.00646e+13 3.43338e+12 3.23969e+12 3.29037e+12 2.99117e+12 2.97841e+12 4.40221e+12
threshold=6.5000000000000009 2001.5000000000002 386.50000000000006 2012.5000000000002 2015.5000000000002 203.50000000000003 3.5000000000000004 343.50000000000006 20.500000000000004 43.500000000000007 194.50000000000003 217.50000000000003 219.50000000000003 93.500000000000014 94.500000000000014 7.5000000000000009 2012.5000000000002 3.5000000000000004 3.5000000000000004 2.5000000000000004 12.500000000000002 3.5000000000000004 179.50000000000003 2015.5000000000002 225.50000000000003 77.500000000000014 241.50000000000003 410.50000000000006 4.5000000000000009 185.50000000000003
decision_type=2 2 2 2 2 2 2 2 2 2 2 2 2 2 2 2 2 2 2 2 2 2 2 2 2 2 2 2 2 2
left_child=4 -2 5 -4 -1 13 11 8 25 10 -10 -7 27 -3 15 16 -15 18 -16 -17 21 28 23 -23 -14 -8 -27 -13 29 -19
right_child=1 2 3 -5 -6 6 7 -9 9 -11 -12 12 24 14 17 19 -18 20 -20 -21 -22 22 -24 -25 -26 26 -28 -29 -30 -31
leaf_value=-365.99584009145349 -197.62182036461988 223.30875094310284 -5288.7160035106626 145897.37578125001 777.6615298912036 -2820.2578725864714 -51957.348674242428 -76338.585677083334 95953.887487399203 -23611.961130099826 -5676.9558065878382 14611.01508622762 -3838.0792203222331 6943.9020640980125 -2159.7288942887221 31441.878388247285 319166.71375000005 -1602.6158647094487 -165002.24034090911 -176.88942943699186 838.89840923663712 57285.547929687498 138577.46061523439 -26414.643075980392 326.59763734089341 14820.023016826923 -26192.544894679591 713.00778224598287 3468.7344465255337 6822.7602171119324
leaf_weight=214163 90715 76680 107 26 19548 5236 33 21 31 72 37 523 2087 55 3075 69 20 2925 22 393 33314 20 20 51 38436 26 79 220 10761 787
leaf_count=214163 90715 76680 107 26 19548 5236 33 21 31 72 37 523 2087 55 3075 69 20 2925 22 393 33314 20 20 51 38436 26 79 220 10761 787
internal_value=0 237.665 463.143 24266.5 -270.338 445.051 -135.949 -13167.7 -8395.76 7603.3 40654.8 -52.1572 299.071 657.166 1303 16508.8 90203.3 1142.81 -3316.5 4545.39 1431.26 2786.26 28243 -2837.12 112.11 -24626.7 -16037.1 10495.9 2626.19 183.691
internal_weight=0 265841 175126 133 233711 174993 46801 299 278 140 68 46502 41266 128192 51512 537 75 50975 3097 462 47878 14564 91 71 40523 138 105 743 14473 3712
internal_count=499552 265841 175126 133 233711 174993 46801 299 278 140 68 46502 41266 128192 51512 537 75 50975 3097 462 47878 14564 91 71 40523 138 105 743 14473 3712
is_linear=0
shrinkage=0.1


Tree=55
num_leaves=31
num_cat=0
split_feature=3 3 6 0 7 8 7 1 1 1 0 7 7 3 7 7 0 0 1 1 1 0 0 1 5 7 7 0 6 3
split_gain=3.15741e+12 4.79794e+12 8.9538e+12 5.13019e+12 7.56286e+12 1.42045e+13 7.01996e+12 6.65608e+12 8.77651e+12 8.17299e+12 4.44498e+12 3.96199e+12 1.45046e+13 3.99049e+12 3.96137e+12 5.31728e+13 2.80028e+13 9.13942e+12 1.81695e+13 3.17721e+13 1.01648e+13 7.53964e+12 1.23897e+13 1.13988e+13 5.55853e+12 6.23682e+12 2.07655e+13 1.21275e+13 6.42254e+12 1.97355e+13
threshold=1.0000000180025095e-35 2.5000000000000004 1.0000000180025095e-35 2009.5000000000002 68.500000000000014 61.500000000000007 9.5000000000000018 5.5000000000000009 7.5000000000000009 9.5000000000000018 2014.5000000000002 46.500000000000007 43.500000000000007 1.5000000000000002 25.500000000000004 24.500000000000004 2012.5000000000002 2015.5000000000002 7.5000000000000009 10.500000000000002 7.5000000000000009 2014.5000000000002 2013.5000000000002 3.5000000000000004 1.0000000180025095e-35 21.500000000000004 20.500000000000004 2012.5000000000002 1.0000000180025095e-35 3.5000000000000004
decision_type=2 2 2 2 2 2 2 2 2 2 2 2 2 2 2 2 2 2 2 2 2 2 2 2 2 2 2 2 2 2
left_child=-1 2 3 -2 6 7 -5 10 -9 -10 -6 12 -8 -14 15 24 -17 18 21 -20 -19 22 -18 -23 25 26 28 -27 29 -3
right_child=1 14 -4 4 5 -7 11 8 9 -11 -12 -13 13 -15 -16 16 17 20 19 -21 -22 23 -24 -25 -26 27 -28 -29 -30 -31
leaf_value=-377.47447961175135 1805.5220435112374 -7433.8489752970963 255.65776343047543 38250.892541082976 -3751.7270570146279 6745.5054610995394 3067.8937948497355 94337.286067708337 108.39402449324325 62651.342000325531 46579.492103794648 -3001.2860419234066 28583.265503640778 71157.900927734372 -804.54762962338998 10629.359409131081 60411.306635044646 36827.692752878291 134734.72233537945 20443.651635174421 -30358.544531250001 3962.4447435461962 -14227.892970350924 94586.853685825889 -578.12276911847698 -4027.0206976318364 64975.031517235009 -104556.75218750001 -7031.1883303216573 -106570.27487967355
leaf_weight=153502 9637 71 239987 58 47 507 1594 36 37 48 28 752 103 28 71543 1714 35 76 56 43 32 23 61 35 18983 30 37 20 401 28
leaf_count=153502 9637 71 239987 58 47 507 1594 36 37 48 28 752 103 28 71543 1714 35 76 56 43 32 23 61 35 18983 30 37 20 401 28
internal_value=0 167.441 393.487 2962.59 6406.3 15583.6 3861.26 38445.5 52953.9 35426.8 15038.6 3056.02 5696.65 37683.2 -445.925 739.427 15960.7 41273.7 51669.5 85093.1 16920.7 30182.9 12984.3 58649.6 -874.484 -10458.5 -7313.22 -44238.9 -12662.6 -35472.4
internal_weight=0 346050 252862 12875 3238 703 2535 196 121 85 75 2477 1725 131 93188 21645 2075 361 253 99 108 154 96 58 19570 587 537 50 500 99
internal_count=499552 346050 252862 12875 3238 703 2535 196 121 85 75 2477 1725 131 93188 21645 2075 361 253 99 108 154 96 58 19570 587 537 50 500 99
is_linear=0
shrinkage=0.1


Tree=56
num_leaves=31
num_cat=0
split_feature=6 6 6 6 6 8 6 6 7 0 8 7 3 3 6 6 6 6 7 7 6 7 0 6 8 8 8 3 1 7
split_gain=2.83788e+12 6.31848e+12 1.98354e+13 8.86397e+12 6.51375e+12 6.32003e+12 5.86484e+12 5.40165e+12 7.22826e+12 5.15042e+12 4.23318e+12 4.37648e+12 3.52253e+12 3.26017e+12 2.98592e+12 1.10838e+13 1.00603e+13 8.1974e+12 7.88101e+12 8.11592e+12 5.87059e+12 5.51972e+12 5.32339e+12 5.16555e+12 5.13951e+12 4.88536e+12 4.77608e+12 1.14578e+13 1.32607e+14 1.32007e+14
threshold=79.500000000000014 75.500000000000014 76.500000000000014 78.500000000000014 73.500000000000014 479.50000000000006 72.500000000000014 82.500000000000014 161.50000000000003 2006.5000000000002 886.50000000000011 320.50000000000006 1.5000000000000002 3.5000000000000004 23.500000000000004 16.500000000000004 25.500000000000004 24.500000000000004 74.500000000000014 73.500000000000014 18.500000000000004 36.500000000000007 2014.5000000000002 1.5000000000000002 242.50000000000003 87.500000000000014 1.0000000180025095e-35 3.5000000000000004 6.5000000000000009 93.500000000000014
decision_type=2 2 2 2 2 2 2 2 2 2 2 2 2 2 2 2 2 2 2 2 2 2 2 2 2 2 2 2 2 2
left_child=1 4 5 -4 6 -3 10 -2 -9 -7 14 -12 -11 -10 15 18 17 -16 19 23 -17 24 -19 -1 25 -18 27 -20 -29 -30
right_child=7 2 3 -5 -6 9 -8 8 13 12 11 -13 -14 -15 16 20 21 22 26 -21 -22 -23 -24 -25 -26 -27 -28 28 29 -31
leaf_value=269.8784978482276 -4416.7794859947344 11075.813002381597 -3360.3422580632782 6604.0055841108497 -4679.752563296388 15522.031720769295 6364.0761915251087 5862.5881850792211 -744.7074578884434 17593.375755931713 4629.6737079286504 -1521.7632555859368 60663.5302230835 -15430.89958592465 601.96648782501222 -3264.9589911999847 1758.2709678795927 4807.0830521567441 2322.4422032420334 -6996.8305305689273 -846.20645852844689 -173.22056918327763 14666.349560434677 -995.83475759064697 -2404.8018528309049 8885.8832602547955 446.80363807735642 -69153.476605902775 -4230.5491847826088 338403.21960227273
leaf_weight=63428 3851 1169 2699 1334 2926 107 1468 1717 27189 27 3862 1651 64 152 6121 14417 18620 5208 10806 1877 33011 107796 612 65583 2869 1014 119875 54 23 22
leaf_count=63428 3851 1169 2699 1334 2926 107 1468 1717 27189 27 3862 1651 64 152 6121 14417 18620 5208 10806 1877 33011 107796 612 65583 2869 1014 119875 54 23 22
internal_value=0 63.2953 3464.1 -64.4236 23.4804 13874.2 53.5069 -897.514 -431.113 30395.7 33.229 2787.48 47884.5 -826.354 -0.413717 -174.897 378.748 3156.83 80.0447 -468.531 -1581.45 124.156 5843.83 -373.549 1548.68 2126.38 629.073 2632.7 36497.8 163279
internal_weight=0 466643 5400 4033 461243 1367 458317 32909 29058 198 456849 5513 91 27341 451336 309096 142240 11941 261668 130888 47428 130299 5820 129011 22503 19634 130780 10905 99 45
internal_count=499552 466643 5400 4033 461243 1367 458317 32909 29058 198 456849 5513 91 27341 451336 309096 142240 11941 261668 130888 47428 130299 5820 129011 22503 19634 130780 10905 99 45
is_linear=0
shrinkage=0.1


Tree=57
num_leaves=31
num_cat=0
split_feature=5 6 6 6 6 3 3 6 6 7 3 8 8 6 6 8 8 7 7 7 3 0 7 6 7 3 7 7 7 7
split_gain=2.93322e+12 4.4972e+12 1.26159e+13 1.10705e+13 1.32607e+13 1.64176e+13 1.0221e+13 1.00866e+13 1.83179e+13 8.66617e+12 9.93149e+12 9.1857e+12 1.01193e+13 6.81239e+12 7.51695e+12 6.47365e+12 7.74839e+12 6.84771e+12 6.35851e+12 6.19105e+12 3.42156e+13 5.76237e+12 4.46927e+12 7.16999e+12 6.32878e+12 1.1648e+13 5.77545e+12 5.45832e+12 6.6259e+12 1.90129e+13
threshold=1.0000000180025095e-35 9.5000000000000018 8.5000000000000018 11.500000000000002 12.500000000000002 3.5000000000000004 3.5000000000000004 7.5000000000000009 6.5000000000000009 119.50000000000001 3.5000000000000004 294.50000000000006 284.50000000000006 21.500000000000004 37.500000000000007 239.50000000000003 151.50000000000003 39.500000000000007 145.50000000000003 386.50000000000006 1.5000000000000002 2013.5000000000002 161.50000000000003 1.0000000180025095e-35 131.50000000000003 1.5000000000000002 167.50000000000003 76.500000000000014 46.500000000000007 43.500000000000007
decision_type=2 2 2 2 2 2 2 2 2 2 2 2 2 2 2 2 2 2 2 2 2 2 2 2 2 2 2 2 2 2
left_child=1 2 7 6 5 -5 -3 8 19 11 -11 12 -10 -6 18 16 17 -16 -15 22 -21 -4 23 24 27 -26 -24 28 29 -1
right_child=-2 3 21 4 13 -7 -8 -9 9 10 -12 -13 -14 14 15 -17 -18 -19 -20 20 -22 -23 26 -25 25 -27 -28 -29 -30 -31
leaf_value=1069.2881103827065 -435.30999793141694 -2591.4467413142302 3381.50938540885 4038.4811758906458 -991.75037079880121 71748.189001210543 -42640.787051391606 -3279.8126636867078 12430.562222681292 3620.484589950614 65532.240091646643 10937.049209370083 86497.695027901791 2481.9785604800049 1843.9604831974173 -1518.5183286795243 4215.8092395853919 -650.8319596561405 416.65956575229706 -653.50538294634487 127332.30919726564 11156.848114588982 9488.0129280531164 -764.67995150940033 -4199.1798072174588 -63520.149511718751 1218.223787738661 4409.033421494385 -1306.580797174008 14246.366588563458
leaf_weight=15035 118174 14763 6897 6792 60000 36 64 7175 39 7489 26 990 35 21116 14407 30974 4552 46553 50693 127 25 1106 887 57073 1251 34 17623 5023 9412 1181
leaf_count=15035 118174 14763 6897 6792 60000 36 64 7175 39 7489 26 990 35 21116 14407 30974 4552 46553 50693 127 25 1106 887 57073 1251 34 17623 5023 9412 1181
internal_value=0 134.885 608.446 -114.121 53.002 4395.47 -2764.32 358.964 583.551 5030.6 3834.68 13477.3 47462.3 -76.8756 249.293 -327.265 235.959 -61.2244 1023.98 229.219 20396.8 4456.05 200.708 -93.3018 1106.52 -5768.76 1614.51 1394.76 803.971 2028.97
internal_weight=0 381378 131428 249950 235123 6828 14827 123425 116250 8579 7515 1064 74 228295 168295 96486 65512 60960 71809 107671 152 8003 107519 89009 31936 1285 18510 30651 25628 16216
internal_count=499552 381378 131428 249950 235123 6828 14827 123425 116250 8579 7515 1064 74 228295 168295 96486 65512 60960 71809 107671 152 8003 107519 89009 31936 1285 18510 30651 25628 16216
is_linear=0
shrinkage=0.1


Tree=58
num_leaves=31
num_cat=0
split_feature=4 3 5 3 8 7 0 0 7 6 7 0 7 1 7 7 1 7 7 7 7 1 3 0 1 0 0 0 7 0
split_gain=2.93424e+12 3.86437e+12 3.81244e+12 4.13248e+12 6.50384e+12 9.17871e+12 9.74732e+13 1.63143e+13 5.20655e+12 3.2785e+12 5.04032e+12 4.10833e+12 3.95005e+12 1.45108e+13 6.71884e+12 1.23715e+13 3.85179e+12 3.81724e+12 3.18537e+12 2.07036e+13 1.2385e+13 1.1781e+13 1.60854e+13 2.7521e+13 8.53755e+12 1.91008e+13 7.79955e+12 7.62774e+12 5.02811e+12 1.19438e+13
threshold=1.0000000180025095e-35 3.5000000000000004 1.0000000180025095e-35 1.5000000000000002 1.0000000180025095e-35 81.500000000000014 2014.5000000000002 2009.5000000000002 91.500000000000014 1.0000000180025095e-35 386.50000000000006 2013.5000000000002 81.500000000000014 11.500000000000002 25.500000000000004 24.500000000000004 7.5000000000000009 9.5000000000000018 25.500000000000004 24.500000000000004 21.500000000000004 1.5000000000000002 3.5000000000000004 2015.5000000000002 7.5000000000000009 2014.5000000000002 2012.5000000000002 2007.5000000000002 68.500000000000014 2009.5000000000002
decision_type=2 2 2 2 2 2 2 2 2 2 2 2 2 2 2 2 2 2 2 2 2 2 2 2 2 2 2 2 2 2
left_child=2 9 3 -1 5 18 7 8 -7 10 11 -2 14 -14 15 17 -12 -13 19 20 24 -20 28 -24 25 -5 -26 -22 -23 -30
right_child=1 -3 -4 4 -6 6 -8 -9 -10 -11 16 12 13 -15 -16 -17 -18 -19 21 -21 27 22 23 -25 26 -27 -28 -29 29 -31
leaf_value=-141.61432004779405 1916.0549314439545 -18265.900638872667 -629.80601054598196 11733.208813747831 536.25478259705415 51156.674552408862 178996.39493303571 -76345.73700810186 -469.4658258928572 478.91700879742041 -353.7545743075284 26472.64361378063 11601.920557286881 96234.214368206522 -227.60831458082475 69483.080029296878 -58881.590065599528 2579.490525921572 49853.661652057926 82947.958886718756 -11715.393172940341 -6527.2084157024256 -134428.41625000001 -1308.6539253048782 2313.1454220662076 101930.27097800927 -60456.595979817714 -89979.718867187505 2183.9857270175971 76904.918323206017
leaf_weight=251330 4306 107 98936 180 97114 24 35 27 105 45446 22 99 170 23 618 40 23 206 41 36 33 251 25 41 113 27 24 20 103 27
leaf_count=251330 4306 107 98936 180 97114 24 35 27 105 45446 22 99 170 23 618 40 23 206 41 36 33 251 25 41 113 27 24 20 103 27
internal_value=0 718.281 -81.775 73.3361 623.328 8227.64 28178 -5659.41 9135.4 758.147 3062.47 3337.07 8630.23 21687.6 6013.32 17192.7 -30268 10335 4090.27 10333.6 3748.92 -1449.41 -6155.06 -51732.8 10681.8 23498 -8683.01 -41249.1 1740.3 17702.9
internal_weight=0 51060 448492 349556 98226 1112 191 156 129 50953 5507 5462 1156 193 963 345 45 305 921 433 397 488 447 66 344 207 137 53 381 130
internal_count=499552 51060 448492 349556 98226 1112 191 156 129 50953 5507 5462 1156 193 963 345 45 305 921 433 397 488 447 66 344 207 137 53 381 130
is_linear=0
shrinkage=0.1


Tree=59
num_leaves=31
num_cat=0
split_feature=0 1 7 0 4 7 3 7 6 8 7 7 6 7 7 7 3 7 0 1 7 5 3 6 3 1 7 8 6 1
split_gain=2.73966e+12 2.72979e+12 2.22672e+12 4.02419e+13 1.96914e+12 1.61927e+12 3.9071e+12 7.21639e+12 6.26428e+12 1.17221e+13 3.33495e+12 5.61325e+12 2.9254e+12 2.74981e+12 2.67768e+12 5.02236e+12 5.75591e+12 4.73801e+12 1.52621e+13 2.42603e+13 4.50095e+12 2.71077e+12 2.2669e+13 1.95964e+13 9.76772e+12 3.82231e+13 1.13728e+14 3.56473e+13 2.28969e+13 1.90475e+13
threshold=1996.5000000000002 6.5000000000000009 386.50000000000006 2012.5000000000002 1.0000000180025095e-35 203.50000000000003 3.5000000000000004 343.50000000000006 20.500000000000004 103.50000000000001 217.50000000000003 219.50000000000003 32.500000000000007 225.50000000000003 59.500000000000007 51.500000000000007 3.5000000000000004 60.500000000000007 2014.5000000000002 8.5000000000000018 50.500000000000007 1.0000000180025095e-35 3.5000000000000004 3.5000000000000004 3.5000000000000004 7.5000000000000009 147.50000000000003 9.5000000000000018 5.5000000000000009 10.500000000000002
decision_type=2 2 2 2 2 2 2 2 2 2 2 2 2 2 2 2 2 2 2 2 2 2 2 2 2 2 2 2 2 2
left_child=-1 4 5 -4 -2 14 10 8 -8 -10 -7 -12 -11 -13 15 20 -17 18 -16 -20 -3 24 -23 -24 -19 26 -26 -27 29 -29
right_child=1 2 3 -5 -6 6 7 -9 9 12 11 13 -14 -15 17 16 -18 21 19 -21 -22 22 23 -25 25 27 -28 28 -30 -31
leaf_value=-800.27077022333424 -292.97635809954784 174.82806384983155 -2860.3349436458202 127713.86667668271 699.87513614064051 -2105.4948902958563 -22390.139486207827 -68065.030766369062 66829.440162037034 17019.957139756945 7484.1651407236268 -2956.4296048871365 -17513.118105722402 195.78950571300052 3555.0839490978537 -2244.6251771386187 -46132.05964335124 923.15859357726083 120194.54655192058 11739.066571229878 6996.5784269542874 -35.846055203550257 -106635.07530381945 -14914.940466678505 279731.04505859379 -98107.792812500003 -49751.071892755688 12398.153338068183 3746.4657792381972 139979.267578125
leaf_weight=39404 193618 68712 256 26 22274 7257 138 21 27 36 1030 2915 77 54651 845 7706 30 76758 30 66 981 22240 36 66 20 30 22 22 233 25
leaf_count=39404 193618 68712 256 26 22274 7257 138 21 27 36 1030 2915 77 54651 845 7706 30 76758 30 66 981 22240 36 66 20 30 22 22 233 25
internal_value=0 68.5298 297.517 9178.42 -190.542 287.252 -135.134 -11540.5 -7270.63 7632.88 -83.3491 167.09 -6511.43 36.1689 444.385 2.52342 -2414.82 785.175 7847.67 45631.4 270.851 718.35 -251.565 -47286.8 999.375 17619.4 107145 5490.11 16589.9 80260.4
internal_weight=0 460148 244256 282 215892 243974 66152 299 278 140 65853 58596 113 57566 177822 77429 7736 100393 941 96 69693 99452 22342 102 77110 352 42 310 280 47
internal_count=499552 460148 244256 282 215892 243974 66152 299 278 140 65853 58596 113 57566 177822 77429 7736 100393 941 96 69693 99452 22342 102 77110 352 42 310 280 47
is_linear=0
shrinkage=0.1


Tree=60
num_leaves=31
num_cat=0
split_feature=0 7 3 6 6 1 7 7 6 8 6 4 6 6 8 6 6 0 1 6 6 8 7 7 7 6 5 3 7 8
split_gain=2.44447e+12 2.72667e+12 2.21612e+13 9.64375e+13 1.02603e+13 1.65819e+13 5.59425e+12 7.11382e+12 1.23921e+13 2.86411e+12 4.68284e+12 2.93088e+12 2.90353e+12 8.29263e+12 1.07076e+13 7.63638e+12 6.39009e+12 5.52842e+12 9.40769e+12 4.23345e+12 4.15044e+12 3.85105e+12 3.81716e+12 6.9533e+12 4.8161e+12 3.70663e+12 3.46562e+12 9.35786e+12 6.37457e+12 1.62455e+13
threshold=1999.5000000000002 343.50000000000006 3.5000000000000004 22.500000000000004 7.5000000000000009 8.5000000000000018 336.50000000000006 338.50000000000006 31.500000000000004 886.50000000000011 32.500000000000007 1.0000000180025095e-35 23.500000000000004 50.500000000000007 103.50000000000001 16.500000000000004 25.500000000000004 2014.5000000000002 11.500000000000002 18.500000000000004 55.500000000000007 159.50000000000003 74.500000000000014 73.500000000000014 76.500000000000014 57.500000000000007 1.0000000180025095e-35 3.5000000000000004 89.500000000000014 1.0000000180025095e-35
decision_type=2 2 2 2 2 2 2 2 2 2 2 2 2 2 2 2 2 2 2 2 2 2 2 2 2 2 2 2 2 2
left_child=-1 6 4 -4 5 -3 9 8 -8 11 -11 12 15 14 16 22 17 -14 -19 -17 -15 -16 23 -2 -24 -22 -26 -28 -29 -30
right_child=1 2 3 -5 -6 -7 7 -9 -10 10 -12 -13 13 20 21 19 -18 18 -20 -21 25 -23 24 -25 26 -27 27 28 29 -31
leaf_value=-407.21640755261205 -314.63462656359752 -3699.7116885610726 205879.65257031249 -64336.786593191966 -1408.9878266489668 -89073.888286830363 -1379.9150384899694 1323.2445794261046 22612.004188786723 5334.1075480704503 -876.77913118980962 952.86573764913396 5444.835006750618 -2651.8714472728675 -2390.3518841690934 -3370.8988543736918 2115.8291205869964 14050.22800870129 74416.697429548003 -868.29742813637517 3338.8223715390177 458.80402968694352 6712.7889669268043 -7754.2760049733115 793.93674596480798 -359.05485860498175 -468.21123146268633 21007.869466145836 -115336.68172665552 -18502.120874763259
leaf_weight=113824 90325 65 25 28 11422 35 384 2085 490 2692 2211 36321 2377 7603 5750 9862 26520 331 28 21486 2883 27116 1231 1274 64331 45345 23364 24 21 99
leaf_count=113824 90325 65 25 28 11422 35 384 2085 490 2692 2211 36321 2377 7603 5750 9862 26520 331 28 21486 2883 27116 1231 1274 64331 45345 23364 24 21 99
internal_value=0 120.165 -1391.44 63123.8 -1688.21 -33580.7 166.929 4497.79 12070.9 132.405 2533.32 100.268 6.4191 404.12 1199.01 -214.837 2590.53 7191.76 18758.5 -1655.61 -480.337 -39.6639 35.1526 -418.108 501.283 -138.001 414.234 -624.846 -26038.8 -35448.2
internal_weight=0 385728 11575 53 11522 100 374153 2959 874 371194 4903 366291 329970 117953 62122 212017 29256 2736 359 31348 55831 32866 180669 91599 89070 48228 87839 23508 144 120
internal_count=499552 385728 11575 53 11522 100 374153 2959 874 371194 4903 366291 329970 117953 62122 212017 29256 2736 359 31348 55831 32866 180669 91599 89070 48228 87839 23508 144 120
is_linear=0
shrinkage=0.1


Tree=61
num_leaves=31
num_cat=0
split_feature=3 3 6 0 7 7 8 1 1 7 7 7 7 4 7 7 0 0 1 1 1 0 0 1 5 3 1 1 8 8
split_gain=2.21804e+12 3.42352e+12 6.42105e+12 4.18367e+12 4.78581e+12 5.12893e+12 1.1935e+13 1.03179e+13 4.55312e+12 9.53598e+12 6.65194e+12 3.83531e+12 9.3059e+12 3.00451e+12 2.95913e+12 4.2221e+13 2.12411e+13 7.82121e+12 1.43016e+13 2.56831e+13 8.23739e+12 6.16266e+12 1.02986e+13 9.09159e+12 4.44343e+12 6.10052e+12 1.1184e+14 2.17169e+13 1.12176e+13 9.42431e+12
threshold=1.0000000180025095e-35 2.5000000000000004 1.0000000180025095e-35 2011.5000000000002 9.5000000000000018 60.500000000000007 61.500000000000007 9.5000000000000018 7.5000000000000009 81.500000000000014 73.500000000000014 46.500000000000007 43.500000000000007 1.0000000180025095e-35 25.500000000000004 24.500000000000004 2012.5000000000002 2015.5000000000002 7.5000000000000009 10.500000000000002 7.5000000000000009 2014.5000000000002 2013.5000000000002 3.5000000000000004 1.0000000180025095e-35 3.5000000000000004 10.500000000000002 6.5000000000000009 15.500000000000002 2.5000000000000004
decision_type=2 2 2 2 2 2 2 2 2 2 2 2 2 2 2 2 2 2 2 2 2 2 2 2 2 2 2 2 2 2
left_child=13 2 3 -2 -5 11 7 8 9 10 -7 12 -6 -1 15 24 -17 18 21 -20 -19 22 -18 -23 -3 -26 27 28 -27 -29
right_child=1 14 -4 4 5 6 -8 -9 -10 -11 -12 -13 -14 -15 -16 16 17 20 19 -21 -22 23 -24 -25 25 26 -28 29 -30 -31
leaf_value=-426.24793192441666 1638.3081082971453 -9360.366353839845 214.56487801540356 40123.389224466468 3352.2992605950749 45217.478532140398 5800.5289948721302 87831.743927556832 -14417.245800781251 90007.836209239147 -19387.227682291668 -4753.9595452191961 35549.542180452641 1465.1046504785118 -687.73148991451353 9566.8896553600407 54501.105446428577 31648.37893965872 120158.62910853795 17401.189761991278 -28833.449926757814 3706.4835258152179 -13548.40987768955 84641.427946428579 -674.73415502129239 49596.496427408856 211057.44668749999 -124671.79198330967 -37599.002214843749 -31015.291317894345
leaf_weight=144585 10449 587 239987 41 1204 34 466 33 24 23 30 474 97 8917 71543 1714 35 76 56 43 32 23 61 35 18854 36 25 22 25 21
leaf_count=144585 10449 587 239987 41 1204 34 466 33 24 23 30 474 97 8917 71543 1714 35 76 56 43 32 23 61 35 18854 36 25 22 25 21
internal_value=0 140.34 331.284 2506.9 6247.98 5665.63 13576.1 38738.8 24143.6 34781.1 14934 2947.1 5752.86 -316.378 -377.778 646.71 14210.2 36256.3 45873.2 75526.6 13727.8 26810.3 11261.3 52546.5 -791.423 -526.45 21146 -24505.8 13860.6 -78932.6
internal_weight=0 346050 252862 12875 2426 2385 610 144 111 87 64 1775 1301 153502 93188 21645 2075 361 253 99 108 154 96 58 19570 18983 129 104 61 43
internal_count=499552 346050 252862 12875 2426 2385 610 144 111 87 64 1775 1301 153502 93188 21645 2075 361 253 99 108 154 96 58 19570 18983 129 104 61 43
is_linear=0
shrinkage=0.1


Tree=62
num_leaves=31
num_cat=0
split_feature=7 7 6 1 3 1 0 5 7 7 1 6 7 6 8 8 0 7 7 5 3 1 0 8 3 7 0 0 7 1
split_gain=2.16968e+12 6.99394e+12 4.16558e+12 3.23342e+13 1.54992e+13 8.37264e+12 1.70155e+13 4.87033e+12 3.45581e+12 2.84172e+12 2.44392e+12 2.37994e+12 2.53016e+12 2.34803e+12 2.2978e+12 2.44699e+12 2.17272e+12 2.06946e+12 2.97813e+12 2.03612e+12 3.05986e+12 2.01006e+12 1.99548e+12 2.31256e+12 6.26806e+12 3.78344e+13 3.74499e+13 1.19708e+14 2.04798e+13 5.72928e+12
threshold=292.50000000000006 286.50000000000006 3.5000000000000004 10.500000000000002 3.5000000000000004 2.5000000000000004 2012.5000000000002 1.0000000180025095e-35 288.50000000000006 299.50000000000006 3.5000000000000004 7.5000000000000009 329.50000000000006 29.500000000000004 398.50000000000006 604.50000000000011 2006.5000000000002 312.50000000000006 303.50000000000006 1.0000000180025095e-35 1.5000000000000002 3.5000000000000004 1998.5000000000002 2.5000000000000004 3.5000000000000004 110.50000000000001 2015.5000000000002 2014.5000000000002 25.500000000000004 6.5000000000000009
decision_type=2 2 2 2 2 2 2 2 2 2 2 2 2 2 2 2 2 2 2 2 2 2 2 2 2 2 2 2 2 2
left_child=1 21 3 5 9 -2 -7 10 16 -4 -6 12 17 -10 -12 -16 -3 18 -11 20 -18 -1 -23 24 -24 26 27 28 -26 -28
right_child=2 8 4 -5 7 6 -8 -9 13 11 14 -13 -14 -15 15 -17 19 -19 -20 -21 -22 22 23 -25 25 -27 29 -29 -30 -31
leaf_value=-379.72253868059579 48701.07724184783 4378.8312017581875 -2692.1604655027563 115147.83896846067 -49591.533036747685 6237.428778241132 -87804.137590144237 -65803.978662109381 3436.059291175628 4190.1315665741595 -28807.501791914681 -547.06712497417573 -3036.5458993504603 -2787.3388272972061 24860.333061079546 -19706.385013253352 7449.9881982041234 5687.6052437554254 -2036.7232337956743 -1378.43701171875 21525.062883460479 -391.82117004893308 1115.8366835581833 144.77063743896966 -5732.7311848958343 -146938.63272033693 -71051.867678285271 168013.94826543902 -142747.96988037109 -24008.179149756495
leaf_weight=93570 23 987 5528 27 27 74 26 32 2437 1573 63 44037 951 807 22 28 346 1493 1501 104 279 58092 35013 252290 24 20 39 42 20 77
leaf_count=93570 23 987 5528 27 27 74 26 32 2437 1573 63 44037 951 807 22 28 346 1493 1501 104 279 58092 35013 252290 24 20 39 42 20 77
internal_value=0 73.607 -590.061 16051.9 -635.238 -5700.92 -18213.4 -30607.1 3807.67 -541.649 -22562.1 -301.754 1656 1887.88 -16103.8 -97.0291 7436.91 2633.14 1149.63 11577.3 13733.1 31.436 142.75 250.756 1009.63 -15740.5 -2750.55 47256.3 -68012.4 -39824.6
internal_weight=0 444147 55405 150 55255 123 100 172 4960 55083 140 49555 5518 3244 113 50 1716 4567 3074 729 625 439187 345617 287525 35235 222 202 86 44 116
internal_count=499552 444147 55405 150 55255 123 100 172 4960 55083 140 49555 5518 3244 113 50 1716 4567 3074 729 625 439187 345617 287525 35235 222 202 86 44 116
is_linear=0
shrinkage=0.1


Tree=63
num_leaves=31
num_cat=0
split_feature=0 3 7 1 0 8 1 1 1 7 8 7 7 7 7 6 6 7 7 7 7 6 7 6 7 7 7 1 6 7
split_gain=2.03674e+12 7.07792e+12 3.44165e+13 2.34882e+13 1.71096e+13 4.39592e+13 1.01518e+14 1.6692e+14 5.05664e+13 6.31813e+13 2.33093e+13 2.07991e+13 1.91428e+13 5.54661e+13 1.80288e+13 1.55193e+13 1.42043e+13 7.71962e+12 6.6353e+12 1.85269e+13 8.53249e+12 6.30586e+12 4.86084e+12 6.06192e+12 3.86549e+12 3.08878e+12 2.58637e+12 2.22892e+12 2.20285e+12 1.03275e+13
threshold=2015.5000000000002 3.5000000000000004 343.50000000000006 1.5000000000000002 2014.5000000000002 67.500000000000014 4.5000000000000009 7.5000000000000009 10.500000000000002 69.500000000000014 2.5000000000000004 45.500000000000007 62.500000000000007 79.500000000000014 96.500000000000014 5.5000000000000009 12.500000000000002 9.5000000000000018 153.50000000000003 130.50000000000003 189.50000000000003 40.500000000000007 271.50000000000006 18.500000000000004 28.500000000000004 237.50000000000003 53.500000000000007 3.5000000000000004 1.0000000180025095e-35 10.500000000000002
decision_type=2 2 2 2 2 2 2 2 2 2 2 2 2 2 2 2 2 2 2 2 2 2 2 2 2 2 2 2 2 2
left_child=1 27 3 -3 10 6 24 26 9 -9 11 -5 17 -14 -7 -15 25 -12 19 -17 -20 -19 23 -22 -6 -16 -8 -1 29 -2
right_child=28 2 -4 4 5 14 7 8 -10 -11 12 -13 13 15 16 18 -18 21 20 -21 22 -23 -24 -25 -26 -27 -28 -29 -30 -31
leaf_value=-500.40972198069886 18925.995160176048 84895.503602430559 138957.17425781253 -26822.297748161767 -31957.655357142859 -70390.275186631945 296178.38277343748 213446.3337002841 -69334.990625000006 -16812.822021220283 4551.9999915081526 -155340.39734375 152915.9515 -70384.079424458163 77857.783258928568 -14711.675747575431 -16559.708373209636 -92447.394406960229 -58131.731625000008 108620.80827752977 -8788.3899251302082 -25080.453224690758 -25855.105483774038 60906.018058894231 -87896.996569010429 24240.271732954545 245322.01015625001 42.245700643725158 475.51660080376263 1307.0895549005218
leaf_weight=94990 370 36 20 34 21 45 20 22 35 26 23 20 25 31 21 29 120 33 25 21 24 24 26 26 30 22 20 372562 27552 3299
leaf_count=94990 370 36 20 34 21 45 20 22 35 26 23 20 25 31 21 29 120 33 25 21 24 24 26 26 30 22 20 372562 27552 3299
internal_value=0 -52.1344 9471.93 6059.94 2134.52 16668.9 53758.3 102943 22071.8 88722.6 -14147.4 -74421.6 -2806.62 13248.8 -14357.8 -5936.26 1111.25 -44350 7294.75 37088 -7454.37 -64082.4 9215.82 27452.7 -64863.2 50425.6 270750 -68.0027 782.042 3083.87
internal_weight=0 468331 779 759 723 382 174 123 83 48 341 54 287 207 208 182 163 80 151 50 101 57 76 50 51 43 40 467552 31221 3669
internal_count=499552 468331 779 759 723 382 174 123 83 48 341 54 287 207 208 182 163 80 151 50 101 57 76 50 51 43 40 467552 31221 3669
is_linear=0
shrinkage=0.1


Tree=64
num_leaves=31
num_cat=0
split_feature=7 7 6 1 3 1 0 7 6 6 7 7 7 7 4 1 6 7 6 3 1 0 6 7 6 6 6 0 7 6
split_gain=1.75179e+12 5.68552e+12 3.25031e+12 2.60486e+13 1.35268e+13 6.85559e+12 1.41469e+13 5.65971e+12 2.92847e+12 2.32553e+12 2.30455e+12 1.94203e+12 1.91334e+12 1.95405e+13 7.5495e+12 1.33883e+13 4.52051e+12 4.27209e+12 1.28346e+13 1.25728e+13 5.05939e+13 8.13105e+13 5.28017e+13 1.13516e+13 1.28247e+13 1.03867e+13 9.27807e+12 6.316e+12 6.22354e+12 5.89718e+12
threshold=292.50000000000006 286.50000000000006 3.5000000000000004 10.500000000000002 3.5000000000000004 2.5000000000000004 2012.5000000000002 353.50000000000006 31.500000000000004 29.500000000000004 299.50000000000006 300.50000000000006 81.500000000000014 82.500000000000014 1.0000000180025095e-35 7.5000000000000009 63.500000000000007 135.50000000000003 5.5000000000000009 3.5000000000000004 7.5000000000000009 2015.5000000000002 1.0000000180025095e-35 131.50000000000003 12.500000000000002 1.0000000180025095e-35 76.500000000000014 2006.5000000000002 108.50000000000001 1.0000000180025095e-35
decision_type=2 2 2 2 2 2 2 2 2 2 2 2 2 2 2 2 2 2 2 2 2 2 2 2 2 2 2 2 2 2
left_child=1 12 3 5 10 -2 -7 -6 9 -3 -4 -12 16 14 -14 -16 -1 18 19 29 21 -21 -22 24 -20 -23 27 -25 -26 -15
right_child=2 8 4 -5 7 6 -8 -9 -10 -11 11 -13 13 17 15 -17 -18 -19 23 20 22 25 -24 26 28 -27 -28 -29 -30 -31
leaf_value=-157.80845581714919 43873.152086871603 3490.7649592376047 -2419.2953328440394 103114.33647460939 -21443.035025495494 5618.2609665329401 -80130.575210336538 -74740.200908627725 8672.0925994681875 -2502.3799320372214 4693.405697475223 -345.64990290348413 9321.2855398141583 1212.7678885903524 8802.3260855741282 99702.972836538465 -5267.3182698165347 -162.49149959036259 4078.5516084227065 170241.19446614583 -238305.73652343752 -92944.423566804107 -23929.753790509261 6316.06943261382 1263.1663980674475 -10895.046321614584 -36.654632369929161 16159.466710771834 -1447.5634528055882 -1868.5996767637957
leaf_weight=195480 23 3275 5528 27 149 74 26 23 878 807 777 48778 1723 9282 43 26 1747 158969 11862 24 20 27 27 1758 23826 36 1388 1036 13141 18772
leaf_count=195480 23 3275 5528 27 149 74 26 23 878 807 777 48778 1723 9282 43 26 1747 158969 11862 24 20 27 27 1758 23826 36 1388 1036 13141 18772
internal_value=0 66.1396 -530.2 14170.2 -570.107 -5354.16 -16676.4 -28570 3432.85 2305.94 -482.675 -266.64 28.1174 216.561 10620.2 43054.7 -203.068 138.935 729.06 -995.054 -31553.4 13610 -115154 1645.84 1217.59 -46059.1 6646.1 9965.95 299.558 -849.093
internal_weight=0 444147 55405 150 55255 123 100 172 4960 4082 55083 49555 439187 241960 1792 69 197227 240168 81199 28188 134 87 47 53011 48829 63 4182 2794 36967 28054
internal_count=499552 444147 55405 150 55255 123 100 172 4960 4082 55083 49555 439187 241960 1792 69 197227 240168 81199 28188 134 87 47 53011 48829 63 4182 2794 36967 28054
is_linear=0
shrinkage=0.1


Tree=65
num_leaves=31
num_cat=0
split_feature=3 7 8 8 1 0 1 7 7 1 1 6 7 7 5 6 0 8 5 0 0 7 0 7 1 7 7 7 1 7
split_gain=2.01536e+12 5.4027e+13 7.59105e+12 1.57584e+13 4.82695e+13 6.34073e+13 2.47851e+13 1.55985e+13 2.09427e+13 8.21042e+13 1.44752e+13 6.77393e+13 1.47262e+13 2.38139e+13 1.04331e+14 1.23866e+13 1.11184e+13 2.66458e+13 1.05359e+13 2.59335e+13 1.52709e+13 1.83932e+13 5.46003e+13 9.57327e+12 8.99237e+12 8.78921e+12 7.86982e+12 1.79648e+13 7.40876e+12 1.32835e+13
threshold=3.5000000000000004 360.50000000000006 4.5000000000000009 12.500000000000002 5.5000000000000009 2016.5000000000002 9.5000000000000018 117.50000000000001 81.500000000000014 6.5000000000000009 11.500000000000002 4.5000000000000009 41.500000000000007 60.500000000000007 1.0000000180025095e-35 13.500000000000002 2013.5000000000002 194.50000000000003 1.0000000180025095e-35 2014.5000000000002 2014.5000000000002 21.500000000000004 2015.5000000000002 31.500000000000004 5.5000000000000009 54.500000000000007 25.500000000000004 24.500000000000004 8.5000000000000018 10.500000000000002
decision_type=2 2 2 2 2 2 2 2 2 2 2 2 2 2 2 2 2 2 2 2 2 2 2 2 2 2 2 2 2 2
left_child=-1 2 7 4 5 -4 -6 8 18 -10 12 -12 23 14 25 -8 17 -15 20 -20 -2 24 -23 28 -22 -14 27 -21 29 -5
right_child=1 -3 3 10 6 -7 15 -9 9 -11 11 -13 13 16 -16 -17 -18 -19 19 26 21 22 -24 -25 -26 -27 -28 -29 -30 -31
leaf_value=-13.431721136739885 64654.222558593756 162641.3666666667 189221.30496961807 -43640.313376991428 -56193.258932783028 -13503.513787615742 -2202.5051796875 -66612.543446180556 -79265.110429687498 207273.25910156252 157539.89602272728 -1835.1426930379528 23104.442060319769 120333.49243164062 253285.3958520508 103381.44361328126 -3590.4224856228302 -27181.768050781247 -137185.94505208332 -31776.372663959704 -6525.8850613839286 -173738.07839673915 6666.2976562500007 -86783.769735054346 67433.655418346782 -48888.666071428575 -50424.707472022805 85313.333833007826 -44494.706426056342 22332.640699687759
leaf_weight=497328 32 21 36 51 53 27 25 45 20 20 33 139 43 24 20 20 1125 25 21 38 35 23 62 23 31 28 37 20 71 76
leaf_count=497328 32 21 36 51 53 27 25 45 20 20 33 139 43 24 20 20 1125 25 21 38 35 23 62 23 31 28 37 20 71 76
internal_value=0 3003.58 1481.84 4178.92 34047.8 102339 -9853.84 -11294.1 -3950.99 64004.1 1278.5 28742.6 -1900.39 2260.51 51541.9 44723.7 -1559.43 45070.6 -13042 -36619.4 1903.32 -11394.9 -42149 -25717.3 28212.7 -5287.21 -14388.9 8599.39 -18623.7 -4160.44
internal_weight=0 2224 2203 1819 161 63 98 384 339 40 1658 172 1486 1265 91 45 1174 49 299 116 183 151 85 221 66 71 95 58 198 127
internal_count=499552 2224 2203 1819 161 63 98 384 339 40 1658 172 1486 1265 91 45 1174 49 299 116 183 151 85 221 66 71 95 58 198 127
is_linear=0
shrinkage=0.1


Tree=66
num_leaves=31
num_cat=0
split_feature=5 8 3 1 1 0 1 0 7 7 0 7 7 7 0 3 7 7 7 0 1 1 7 1 3 7 1 3 7 0
split_gain=1.8257e+12 3.20252e+12 1.28492e+13 4.77672e+13 1.74347e+14 4.95315e+13 4.77996e+13 1.57607e+13 3.77054e+12 6.00272e+12 3.76864e+12 3.30263e+12 9.17454e+12 8.01864e+12 7.68098e+12 7.49292e+12 6.02699e+12 4.29697e+12 3.46778e+12 3.98323e+12 6.71676e+12 1.03882e+13 9.25774e+12 9.02966e+12 6.97945e+12 6.29448e+12 5.7598e+12 6.0231e+12 8.74487e+12 5.39447e+12
threshold=1.0000000180025095e-35 1.0000000180025095e-35 3.5000000000000004 5.5000000000000009 8.5000000000000018 2015.5000000000002 2.5000000000000004 2016.5000000000002 9.5000000000000018 13.500000000000002 2010.5000000000002 68.500000000000014 73.500000000000014 46.500000000000007 2012.5000000000002 1.0000000180025095e-35 76.500000000000014 43.500000000000007 131.50000000000003 2010.5000000000002 8.5000000000000018 10.500000000000002 91.500000000000014 1.5000000000000002 1.0000000180025095e-35 81.500000000000014 7.5000000000000009 1.0000000180025095e-35 81.500000000000014 2013.5000000000002
decision_type=2 2 2 2 2 2 2 2 2 2 2 2 2 2 2 2 2 2 2 2 2 2 2 2 2 2 2 2 2 2
left_child=1 2 8 6 -5 -6 -4 -8 10 -10 -1 13 14 17 -13 -16 -14 -11 19 -18 23 22 -22 29 25 -23 27 -25 -29 -21
right_child=-2 -3 3 4 5 -7 7 -9 9 11 -12 12 16 -15 15 -17 18 -19 -20 20 21 24 -24 26 -26 -27 -28 28 -30 -31
leaf_value=3599.6989082774767 -343.43237474947864 48.837978442012776 98737.026249999995 315573.18896059785 -137841.4165625 59434.014508928572 -144996.79312160329 -29154.58453572591 -10125.673285659352 1412.022995135831 17061.563239621766 9204.6990814806195 -4832.8106262234132 -5121.1677101340319 18761.292263083262 73053.926211939106 3031.883948497551 16030.440438996093 -5424.9821863963516 13628.285123697917 88577.561946614587 28016.993808218151 11718.4713125 -802.17046506169527 55734.0378018466 -36187.082580236485 -28088.361323089601 -1901.887615740741 81059.155957031253 81400.80754076087
leaf_weight=905 118174 366893 20 23 20 35 23 24 486 5304 270 618 1126 2247 73 39 2155 209 365 24 42 26 25 233 22 37 60 27 24 23
leaf_count=905 118174 366893 20 23 20 35 23 24 486 5304 270 618 1126 2247 73 39 2155 209 365 24 42 26 25 233 22 37 60 27 24 23
internal_value=0 106.416 1564.82 31183.8 84378.8 -12302.5 -30744.7 -85843.3 1265.33 780.894 6693.06 1198.95 3226.08 -86.0221 13571.5 37666.8 1423.23 1966.21 3723.03 4960.62 12615.2 30453.2 59898.8 5680.71 7243.16 -9690.16 63.5505 6011.14 37138.6 46793.6
internal_weight=0 381378 14485 145 78 55 67 47 14340 13165 1175 12679 4919 7760 730 112 4189 5513 3063 2698 543 152 67 391 85 63 344 284 51 47
internal_count=499552 381378 14485 145 78 55 67 47 14340 13165 1175 12679 4919 7760 730 112 4189 5513 3063 2698 543 152 67 391 85 63 344 284 51 47
is_linear=0
shrinkage=0.1


Tree=67
num_leaves=31
num_cat=0
split_feature=0 4 3 7 1 6 7 7 0 3 7 8 8 1 6 1 8 7 8 0 0 6 1 7 1 5 7 1 1 1
split_gain=1.72942e+12 1.86481e+12 3.38413e+12 2.99506e+12 5.53519e+12 3.27023e+12 2.98521e+12 7.0246e+12 5.60343e+12 2.62019e+12 4.91806e+13 6.52926e+12 1.85566e+13 3.64919e+13 6.29267e+13 2.84227e+13 1.32738e+13 3.58844e+13 2.11359e+13 4.27318e+13 1.38765e+13 1.20383e+13 1.11634e+13 3.66455e+13 2.63272e+13 1.25643e+14 2.52642e+13 1.33205e+13 8.69713e+12 8.44136e+12
threshold=1996.5000000000002 1.0000000180025095e-35 3.5000000000000004 386.50000000000006 9.5000000000000018 1.0000000180025095e-35 25.500000000000004 24.500000000000004 2013.5000000000002 3.5000000000000004 359.50000000000006 4.5000000000000009 12.500000000000002 5.5000000000000009 13.500000000000002 9.5000000000000018 49.500000000000007 10.500000000000002 67.500000000000014 2015.5000000000002 2016.5000000000002 22.500000000000004 8.5000000000000018 91.500000000000014 5.5000000000000009 1.0000000180025095e-35 24.500000000000004 10.500000000000002 10.500000000000002 6.5000000000000009
decision_type=2 2 2 2 2 2 2 2 2 2 2 2 2 2 2 2 2 2 2 2 2 2 2 2 2 2 2 2 2 2
left_child=-1 9 3 5 -5 6 7 -3 -9 -2 11 22 13 14 -13 -15 21 -18 19 -19 -21 -14 24 26 -11 -26 28 -28 -24 -23
right_child=1 2 -4 4 -6 -7 -8 8 -10 10 -12 12 16 15 -16 -17 17 18 -20 20 -22 29 23 -25 25 -27 27 -29 -30 -31
leaf_value=-635.82595377446034 -30.645280761500061 4382.2807125743811 -17104.645330297168 -1287.5147717285156 -61479.171708540482 435.40183411316821 1675.6598684821552 16127.019805361619 58777.046737060547 -18378.882589118639 155769.31011904762 175897.84628906252 -35747.582754984665 -68384.272149493248 -39798.098883928578 54747.732576069087 108947.77545868845 129157.11177884616 -524.36073584026769 -41971.718133223687 56440.355307404898 -23053.741111778847 -113840.23126775569 -151180.95282315344 183588.49704318578 -88743.055621337902 79357.388887392241 -10134.557962740386 -23869.513095238097 25328.224908371914
leaf_weight=39404 412064 1158 107 50 22 40760 3696 134 40 167 21 38 163 37 21 38 33 39 1152 38 23 65 22 22 36 32 29 39 21 81
leaf_count=39404 412064 1158 107 50 22 40760 3696 134 40 167 21 38 163 37 21 38 33 39 1152 38 23 65 22 22 36 32 29 39 21 81
internal_value=0 54.4479 658.731 700.176 -19679.4 732.222 3138.43 7197.28 25931.6 -12.6172 3496.46 1970.83 4546.49 40287.7 99124.7 -5997.39 1541.89 6016.77 3303.73 47403.3 -4865.53 -17067.2 -10123.6 -33275.3 2979.3 55432.5 -9906.56 28031.1 -69901 3788.31
internal_weight=0 460148 45967 45860 72 45788 5028 1332 174 414181 2117 2096 1728 134 59 75 1594 1285 1252 100 61 309 368 133 235 68 111 68 43 146
internal_count=499552 460148 45967 45860 72 45788 5028 1332 174 414181 2117 2096 1728 134 59 75 1594 1285 1252 100 61 309 368 133 235 68 111 68 43 146
is_linear=0
shrinkage=0.1


Tree=68
num_leaves=31
num_cat=0
split_feature=3 3 6 0 8 8 0 1 7 7 7 7 7 0 8 8 1 0 7 7 0 7 7 0 3 1 1 5 3 1
split_gain=1.68913e+12 3.25697e+12 5.34741e+12 3.59655e+12 2.82351e+12 6.04964e+12 8.89549e+12 6.06782e+12 3.09846e+12 4.0218e+12 4.76092e+12 3.49614e+12 3.05752e+12 2.71645e+12 2.61933e+12 2.56156e+12 2.63391e+12 5.11176e+12 5.28762e+12 4.19037e+12 2.3321e+12 2.2707e+12 3.34708e+13 1.69075e+13 7.41591e+12 6.41799e+12 5.411e+12 5.20395e+12 5.72994e+12 9.21071e+13
threshold=2.5000000000000004 1.5000000000000002 1.0000000180025095e-35 2016.5000000000002 227.50000000000003 179.50000000000003 2009.5000000000002 7.5000000000000009 60.500000000000007 20.500000000000004 13.500000000000002 9.5000000000000018 96.500000000000014 2015.5000000000002 71.500000000000014 71.500000000000014 5.5000000000000009 2009.5000000000002 81.500000000000014 73.500000000000014 2011.5000000000002 25.500000000000004 24.500000000000004 2008.5000000000002 3.5000000000000004 7.5000000000000009 10.500000000000002 1.0000000180025095e-35 3.5000000000000004 10.500000000000002
decision_type=2 2 2 2 2 2 2 2 2 2 2 2 2 2 2 2 2 2 2 2 2 2 2 2 2 2 2 2 2 2
left_child=1 -1 3 4 5 8 -7 -8 9 10 11 -3 15 -4 -13 16 19 18 -18 -10 -12 22 27 -24 25 -25 -27 -2 -29 -30
right_child=21 2 13 -5 -6 6 7 -9 12 -11 20 14 -14 -15 -16 -17 17 -19 -20 -21 -22 -23 23 24 -26 26 -28 28 29 -31
leaf_value=-89.613176397780592 -10040.317922287382 28253.739513888893 303.05816066971693 37101.93363970588 350.25731450255392 9649.0828021022262 21649.82968325408 74904.38369384766 40127.775559303984 -4578.4864081293554 16772.04589781494 -27709.565975413607 -19182.657156032987 2355.6807196319805 1381.9008894270746 4824.4144379188283 3143.9751805719343 71174.128226273155 60560.273403532607 -16566.148204421999 49180.486733217593 -655.50429759022848 6758.4422063564343 32267.473462306483 71255.553917410711 -2360.8254527698864 29231.521911090353 -623.97390749665431 -20905.431034968453 192868.47021875001
leaf_weight=291541 587 45 105040 34 1082 280 46 40 22 556 125 34 27 6869 345 116 53 27 23 32 27 71543 1464 352 35 132 92 18854 104 25
leaf_count=291541 587 45 105040 34 1082 280 46 40 22 556 125 34 27 6869 345 116 53 27 23 32 27 71543 1464 352 35 132 92 18854 104 25
internal_value=0 88.0569 539.169 4768.24 4386.52 6815.47 18289.1 46419.4 3882.96 1488.33 7344.49 1901.06 12918.7 429.049 -1227.89 16093.6 24419.8 33798.2 20520 6531.38 22528.8 -383.989 513.449 12589.9 26562.6 23846.9 10614.6 -767.017 -480.264 20523.6
internal_weight=0 406364 114823 2914 2880 1798 366 86 1432 1132 576 424 300 111909 379 273 157 103 76 54 152 93188 21645 2075 611 576 224 19570 18983 129
internal_count=499552 406364 114823 2914 2880 1798 366 86 1432 1132 576 424 300 111909 379 273 157 103 76 54 152 93188 21645 2075 611 576 224 19570 18983 129
is_linear=0
shrinkage=0.1


Tree=69
num_leaves=31
num_cat=0
split_feature=1 3 7 1 7 7 1 7 7 7 7 5 8 7 6 0 8 8 0 1 7 8 7 6 8 8 8 7 8 8
split_gain=1.69681e+12 1.47604e+12 7.77065e+13 7.98075e+12 4.82304e+13 8.36336e+13 3.82459e+13 2.51573e+13 7.38899e+13 3.70375e+13 2.76342e+13 1.65259e+13 1.38454e+13 1.01919e+13 9.95556e+12 2.05576e+13 3.04748e+13 1.60738e+13 9.20529e+12 8.89367e+12 1.94135e+13 9.57354e+12 8.39688e+12 7.90103e+12 6.68885e+12 4.32054e+12 7.5839e+12 7.48165e+12 3.99207e+12 3.90687e+12
threshold=6.5000000000000009 3.5000000000000004 350.50000000000006 8.5000000000000018 94.500000000000014 59.500000000000007 7.5000000000000009 10.500000000000002 6.5000000000000009 37.500000000000007 40.500000000000007 1.0000000180025095e-35 81.500000000000014 163.50000000000003 12.500000000000002 2015.5000000000002 115.50000000000001 494.50000000000006 2015.5000000000002 10.500000000000002 23.500000000000004 15.500000000000002 84.500000000000014 6.5000000000000009 133.50000000000003 32.500000000000007 16.500000000000004 79.500000000000014 109.50000000000001 6.5000000000000009
decision_type=2 2 2 2 2 2 2 2 2 2 2 2 2 2 2 2 2 2 2 2 2 2 2 2 2 2 2 2 2 2
left_child=-1 -2 3 4 5 6 -3 8 29 19 -11 14 -6 18 15 16 -12 22 -13 20 -9 -21 -17 -24 -14 26 -16 -27 -29 -5
right_child=1 2 -4 7 12 -7 -8 9 -10 10 11 13 24 -15 25 17 -18 -19 -20 21 -22 -23 23 -25 -26 27 -28 28 -30 -31
leaf_value=-196.56125234480231 157.50517496856665 -68726.005107964418 199140.04015625 12214.144554227942 -78515.980492424249 190902.19332139759 76051.663039748732 -83561.883082339642 204880.78384232955 100448.44372746395 128873.21104600695 -98271.842354910725 47504.76294433594 -5703.1708214823411 -15969.590462239585 18617.638760080645 -10227.820727539063 76773.973359375013 -26731.664120565882 -134770.60444711539 25080.347898706896 -50501.673175920761 -89445.125455729169 -12466.065598958334 -16065.523862711589 -71102.195625000008 57819.633413461539 -27343.02186104911 1208.838227404261 -39861.05462792969
leaf_weight=233711 264725 36 20 34 33 36 37 38 22 26 36 35 20 60 30 31 28 20 37 26 29 28 24 30 96 20 26 70 163 25
leaf_count=233711 264725 36 20 34 33 36 37 38 22 26 36 35 20 60 30 31 28 20 37 26 29 28 24 30 96 20 26 70 163 25
internal_value=0 172.805 3801.94 237.38 15616.4 66167.5 4654.46 -4497.45 48470.8 -10165.1 -517.124 -4820.57 -21363.9 -36142.2 3828.92 23343.3 68016.5 -3886.08 -61508.1 -60876.9 -36537.6 -91075.6 -22864.9 -46679 -5105.13 -6843.99 18289.7 -12407.2 -7368.97 -9851.62
internal_weight=0 265841 1116 1096 258 109 73 838 81 757 636 610 149 132 478 169 64 105 72 121 67 54 85 54 116 309 56 253 233 59
internal_count=499552 265841 1116 1096 258 109 73 838 81 757 636 610 149 132 478 169 64 105 72 121 67 54 85 54 116 309 56 253 233 59
is_linear=0
shrinkage=0.1


Tree=70
num_leaves=31
num_cat=0
split_feature=7 3 6 6 1 0 7 6 6 0 7 1 7 8 6 3 3 0 4 3 6 0 7 7 7 7 7 3 3 6
split_gain=1.57767e+12 9.12799e+12 7.99236e+13 7.64475e+12 1.50211e+13 1.05849e+13 4.51724e+12 4.46246e+12 1.09958e+13 3.93341e+12 2.48308e+12 2.04904e+12 1.96564e+12 1.79122e+12 2.73103e+12 1.68673e+12 2.47281e+12 1.65175e+12 1.64136e+12 2.88277e+12 2.26482e+12 2.70067e+12 3.20297e+12 1.16014e+13 4.18498e+12 6.27729e+12 2.81798e+12 2.1646e+12 3.10081e+12 4.0002e+12
threshold=342.50000000000006 3.5000000000000004 22.500000000000004 3.5000000000000004 9.5000000000000018 2002.5000000000002 336.50000000000006 31.500000000000004 34.500000000000007 2011.5000000000002 349.50000000000006 2.5000000000000004 334.50000000000006 858.50000000000011 37.500000000000007 1.5000000000000002 2.5000000000000004 2001.5000000000002 1.0000000180025095e-35 3.5000000000000004 1.0000000180025095e-35 2013.5000000000002 81.500000000000014 87.500000000000014 25.500000000000004 24.500000000000004 9.5000000000000018 2.5000000000000004 1.0000000180025095e-35 1.0000000180025095e-35
decision_type=2 2 2 2 2 2 2 2 2 2 2 2 2 2 2 2 2 2 2 2 2 2 2 2 2 2 2 2 2 2
left_child=6 3 -3 4 11 -6 12 -8 9 -9 -5 -2 13 18 17 -11 -17 -15 27 20 21 -20 24 -24 25 26 -23 28 -1 -30
right_child=1 2 -4 10 5 -7 7 8 -10 15 -12 -13 -14 14 -16 16 -18 -19 19 -21 -22 22 23 -25 -26 -27 -28 -29 29 -31
leaf_value=-336.53850142246864 -29552.570720880685 170536.44268750001 -75458.655022321429 -3127.0626449058859 -24104.719931175598 -124508.01612723214 71.739264294496792 13463.740106014098 1365.7948213820691 18941.432211408945 -274.7084462137517 5154.6028995768238 -3917.4766294341312 404.23374493167586 -819.30208867007991 55918.27448979592 22409.209159545899 4320.5593466056544 1350.8054997190602 -16000.540187406965 339.22959670430237 22242.591159797437 83613.371500651047 9314.1418908474716 -486.4998098428967 50509.469267578126 1713.5970814528973 -557.99019965981427 2012.9363803324188 167.96773830538632
leaf_weight=135003 22 25 28 3765 21 21 1787 469 1144 58 16116 75 1271 1625 3063 49 40 3193 4299 105 42171 99 24 169 618 40 206 74232 12496 197318
leaf_count=135003 22 25 28 3765 21 21 1787 469 1144 58 16116 75 1271 1625 3063 49 40 3193 4299 105 42171 99 24 169 618 40 206 74232 12496 197318
internal_value=0 -868.552 40576.8 -978.273 -24348.4 -74306.4 36.3612 3591.8 7165.87 17937.4 -814.878 -2717.13 9.86343 20.3797 1515.4 32210.7 40858 2999.67 -4.86196 550.759 587.249 2504.61 6795.46 18553.4 4438.98 13262 8377.11 -68.1489 37.3039 277.849
internal_weight=0 20073 53 20020 139 42 479479 3547 1760 616 19881 97 475932 474661 7881 147 89 4818 466780 47731 47626 5455 1156 193 963 345 305 419049 344817 209814
internal_count=499552 20073 53 20020 139 42 479479 3547 1760 616 19881 97 475932 474661 7881 147 89 4818 466780 47731 47626 5455 1156 193 963 345 305 419049 344817 209814
is_linear=0
shrinkage=0.1


Tree=71
num_leaves=31
num_cat=0
split_feature=6 6 3 6 6 6 6 6 8 6 6 6 6 0 6 6 6 8 6 7 7 6 8 0 0 7 0 6 6 8
split_gain=1.41342e+12 3.32123e+12 2.68519e+12 2.625e+12 4.6722e+12 4.85353e+12 8.78231e+12 9.08483e+12 5.17506e+12 4.64898e+12 5.06241e+12 4.07501e+12 5.55633e+12 4.01045e+12 3.80536e+12 4.66094e+12 1.15893e+13 7.18713e+12 5.35947e+12 4.74008e+12 4.76957e+12 4.70574e+12 4.50954e+12 4.36726e+12 4.03139e+12 3.71924e+12 3.65374e+12 3.3102e+12 7.29637e+12 3.27123e+12
threshold=88.500000000000014 85.500000000000014 3.5000000000000004 79.500000000000014 78.500000000000014 77.500000000000014 75.500000000000014 76.500000000000014 479.50000000000006 73.500000000000014 68.500000000000014 70.500000000000014 72.500000000000014 2013.5000000000002 50.500000000000007 24.500000000000004 25.500000000000004 101.50000000000001 16.500000000000004 74.500000000000014 73.500000000000014 18.500000000000004 18.500000000000004 2010.5000000000002 2008.5000000000002 76.500000000000014 2000.5000000000002 82.500000000000014 83.500000000000014 938.50000000000011
decision_type=2 2 2 2 2 2 2 2 2 2 2 2 2 2 2 2 2 2 2 2 2 2 2 2 2 2 2 2 2 2
left_child=1 3 -2 4 5 6 9 8 -8 10 14 -12 -13 -10 15 18 23 26 19 20 29 -20 -16 -17 -22 -21 -18 -5 -29 -1
right_child=2 -3 -4 27 -6 -7 7 -9 13 -11 11 12 -14 -15 22 16 17 -19 21 25 24 -23 -24 -25 -26 -27 -28 28 -30 -31
leaf_value=-295.52252308658143 -697.94417551896095 3139.0110100892898 -15280.617446154496 -3884.8134708535545 5953.008390284228 -6049.5343444428499 8927.0274485533428 -26.012895977806291 19473.694437919854 -3963.4125118842949 5299.2214562721065 -1709.3340367436108 5738.9970718674831 55612.775071957243 -3125.4839576206341 3352.275320431876 -104.5036369432774 -345.71331407889204 -2563.2581366643626 5056.3080890045685 -2569.4671299930237 -456.61503380447306 -389.38980581546434 9541.1048543315792 -13059.685081998716 433.58734449660847 2035.4941571479767 6645.5495504547798 -2933.3335034577958 17035.5562890849
leaf_weight=129019 21979 3425 127 3851 1334 1311 1169 1388 160 2926 3202 3152 1468 38 7887 4528 11140 54636 14477 1764 1378 39629 25499 1524 499 130295 28111 1211 2316 109
leaf_count=129019 21979 3425 127 3851 1334 1311 1169 1388 160 2926 3202 3152 1468 38 7887 4528 11140 54636 14477 1764 1378 39629 25499 1524 499 130295 28111 1211 2316 109
internal_value=0 36.1942 -781.722 13.775 43.3648 26.4224 43.5897 5672.84 11459.2 9.96624 35.3332 2557.55 657.365 26409.5 -8.46032 73.7659 669.278 395.872 -113.878 72.5486 -353.64 -1020.28 -1035.76 4910.73 -5358.29 495.336 1428.13 -1857.72 355.588 -280.893
internal_weight=0 477446 22106 474021 466643 465309 463998 2755 1367 461243 458317 7822 4620 198 450495 417109 99939 93887 317170 263064 131005 54106 33386 6052 1877 132059 39251 7378 3527 129128
internal_count=499552 477446 22106 474021 466643 465309 463998 2755 1367 461243 458317 7822 4620 198 450495 417109 99939 93887 317170 263064 131005 54106 33386 6052 1877 132059 39251 7378 3527 129128
is_linear=0
shrinkage=0.1


Tree=72
num_leaves=31
num_cat=0
split_feature=1 3 7 1 7 7 1 7 6 7 7 5 8 6 8 7 0 1 7 8 7 7 7 8 6 7 7 7 7 1
split_gain=1.38622e+12 1.38938e+12 6.40704e+13 6.4662e+12 3.91209e+13 6.77068e+13 3.10261e+13 2.05663e+13 6.08045e+13 3.01768e+13 2.25422e+13 1.32358e+13 1.13021e+13 8.62094e+12 3.09112e+13 8.33242e+12 7.49969e+12 7.21327e+12 1.57687e+13 7.75159e+12 5.47795e+12 6.70519e+12 1.57147e+13 5.44455e+12 4.55124e+12 4.22024e+12 3.62722e+12 3.39662e+12 1.04401e+13 5.40155e+12
threshold=6.5000000000000009 3.5000000000000004 350.50000000000006 8.5000000000000018 94.500000000000014 59.500000000000007 7.5000000000000009 10.500000000000002 2.5000000000000004 37.500000000000007 40.500000000000007 1.0000000180025095e-35 85.500000000000014 4.5000000000000009 57.500000000000007 163.50000000000003 2015.5000000000002 10.500000000000002 23.500000000000004 15.500000000000002 63.500000000000007 159.50000000000003 135.50000000000003 45.500000000000007 42.500000000000007 185.50000000000003 225.50000000000003 245.50000000000003 217.50000000000003 10.500000000000002
decision_type=2 2 2 2 2 2 2 2 2 2 2 2 2 2 2 2 2 2 2 2 2 2 2 2 2 2 2 2 2 2
left_child=-1 -2 3 4 5 6 -3 8 -5 17 -11 13 -6 14 -12 16 -13 18 -9 -19 -15 22 23 -22 -14 -23 -17 28 29 -27
right_child=1 2 -4 7 12 -7 -8 9 -10 10 11 15 24 20 -16 26 -18 19 -20 -21 21 25 -24 -25 -26 27 -28 -29 -30 -31
leaf_value=-177.66283290119071 141.34678289563098 -61628.188682725704 181049.98507812503 160089.10925377157 -68727.418772321427 172042.14105902778 68770.348194679056 -75181.687278988495 -20632.379191706732 90952.872626201934 -44278.902747844833 -88274.030636160722 -17335.714590845353 -42438.692381631176 89316.25085392443 23484.210918719953 -23700.731801625847 -121235.08697415865 22732.368265086207 -45407.602270507814 35695.364122596155 -34952.659183673466 70770.518364734176 -17999.364118758494 25649.448010253909 27233.683232421878 -26133.462079934514 -12134.429372740187 70678.236362092401 -41891.526708280122
leaf_weight=233711 264725 36 20 29 35 36 37 38 52 26 29 35 78 31 43 26 37 26 29 28 26 49 41 69 36 20 34 121 23 26
leaf_count=233711 264725 36 20 29 35 36 37 38 52 26 29 35 78 31 43 26 37 26 29 28 26 49 41 69 36 20 34 121 23 26
internal_value=0 156.19 3677.18 440.448 14283.5 59811.1 4464.22 -3821.49 44070.4 -8945.98 -237.294 -4124.09 -19021.9 3616.68 35507.1 -32155 -55090.5 -54720.6 -32801 -81917.1 -2038.76 1300.96 19027.3 -3303.96 -3761.45 -8786 -4632.47 -2037.75 15668 -11837.1
internal_weight=0 265841 1116 1096 258 109 73 838 81 757 636 610 149 478 72 132 72 121 67 54 406 375 136 95 114 239 60 190 69 46
internal_count=499552 265841 1116 1096 258 109 73 838 81 757 636 610 149 478 72 132 72 121 67 54 406 375 136 95 114 239 60 190 69 46
is_linear=0
shrinkage=0.1


Tree=73
num_leaves=31
num_cat=0
split_feature=0 7 3 6 6 1 7 6 6 0 7 6 7 7 3 8 6 6 6 1 6 6 6 7 7 0 6 7 7 6
split_gain=1.34098e+12 1.60323e+12 5.12501e+12 6.80567e+13 6.0688e+12 1.25828e+13 3.55564e+12 4.12566e+12 9.1559e+12 2.8299e+12 2.38565e+12 1.77518e+12 1.7438e+12 4.97948e+12 3.40859e+12 3.46452e+12 2.93352e+12 2.66256e+12 2.009e+12 1.6692e+12 1.47165e+12 6.43011e+12 5.22032e+12 5.34745e+12 4.95397e+12 6.08076e+12 4.3243e+12 4.1611e+12 3.9162e+12 5.73754e+12
threshold=1996.5000000000002 343.50000000000006 3.5000000000000004 22.500000000000004 3.5000000000000004 9.5000000000000018 336.50000000000006 31.500000000000004 34.500000000000007 2012.5000000000002 349.50000000000006 113.50000000000001 292.50000000000006 286.50000000000006 3.5000000000000004 153.50000000000003 7.5000000000000009 31.500000000000004 29.500000000000004 2.5000000000000004 23.500000000000004 25.500000000000004 24.500000000000004 243.50000000000003 275.50000000000006 2015.5000000000002 16.500000000000004 219.50000000000003 149.50000000000003 37.500000000000007
decision_type=2 2 2 2 2 2 2 2 2 2 2 2 2 2 2 2 2 2 2 2 2 2 2 2 2 2 2 2 2 2
left_child=-1 6 4 -4 5 19 12 -8 9 -9 -6 -12 13 20 16 -16 -14 18 -15 -3 26 22 23 27 25 -25 -2 -22 29 -23
right_child=1 2 3 -5 10 -7 7 8 -10 -11 11 -13 14 17 15 -17 -18 -19 -20 -21 21 28 -24 24 -26 -27 -28 -29 -30 -31
leaf_value=-559.88604260872148 95.766195836120005 -26622.90641867898 149996.94099999999 -77002.251827566972 -3445.3960239774824 -70998.954535875819 215.20493297309824 13295.220935009071 1401.4150322222279 30034.179434041034 -527.20454957097888 5330.7738254338619 1467.7705843068204 3429.8312881414263 -42062.818750000006 -5559.2722850310502 -1109.5701938004581 8631.8708907301207 -2379.8317431591272 4955.3196833147322 346.02765945309176 2288.3992641393297 4825.5098564555674 8358.0764772427283 -482.4451187997401 42750.789645996098 -1068.9367620355295 -7226.3180024232661 -594.82104590287975 157.154885347147
leaf_weight=39404 226981 22 25 28 2931 38 2071 441 1049 131 11354 542 5441 3009 39 78 23446 801 742 70 2890 15398 5516 787 773 55 37086 969 47126 70309
leaf_count=39404 226981 22 25 28 2931 38 2071 441 1049 131 11354 542 5441 3009 39 78 23446 801 742 70 2890 15398 5516 787 773 55 37086 969 47126 70309
internal_value=0 47.9449 -968.554 30072.8 -1078.55 -22590.7 82.2211 3172.66 6951.11 17128.8 -889.934 -260.306 56.3745 109.08 -693.108 -17727.1 -624.116 3398.21 2280.6 -2596 72.3738 329.753 2654.36 466.549 5297.94 10604.6 -67.8066 -1555.4 137.425 540.051
internal_weight=0 460148 15010 53 14957 130 445138 3692 1621 572 14827 11896 441446 412442 29004 117 28887 4552 3751 92 407890 143823 10990 5474 1615 842 264067 3859 132833 85707
internal_count=499552 460148 15010 53 14957 130 445138 3692 1621 572 14827 11896 441446 412442 29004 117 28887 4552 3751 92 407890 143823 10990 5474 1615 842 264067 3859 132833 85707
is_linear=0
shrinkage=0.1


Tree=74
num_leaves=31
num_cat=0
split_feature=3 6 6 6 6 7 8 8 6 6 6 6 8 0 7 7 7 6 6 6 6 6 0 3 0 7 7 7 7 3
split_gain=1.44179e+12 2.40839e+12 4.29003e+12 6.77609e+12 7.06453e+12 7.27604e+12 7.6135e+12 8.12998e+12 5.648e+12 1.17888e+13 6.31755e+12 8.33791e+12 5.32316e+12 4.71599e+12 4.05099e+12 3.95479e+12 3.74765e+12 3.6691e+12 4.02297e+12 5.14157e+12 6.65011e+12 9.75303e+12 4.12949e+12 3.60783e+12 5.1331e+12 3.49834e+12 3.41911e+12 3.49211e+12 7.14308e+12 6.59659e+12
threshold=2.5000000000000004 1.0000000180025095e-35 3.5000000000000004 7.5000000000000009 6.5000000000000009 119.50000000000001 294.50000000000006 284.50000000000006 8.5000000000000018 9.5000000000000018 11.500000000000002 12.500000000000002 305.50000000000006 2011.5000000000002 66.500000000000014 78.500000000000014 74.500000000000014 21.500000000000004 37.500000000000007 39.500000000000007 41.500000000000007 40.500000000000007 2010.5000000000002 1.5000000000000002 2012.5000000000002 153.50000000000003 131.50000000000003 81.500000000000014 87.500000000000014 1.0000000180025095e-35
decision_type=2 2 2 2 2 2 2 2 2 2 2 2 2 2 2 2 2 2 2 2 2 2 2 2 2 2 2 2 2 2
left_child=1 26 15 4 -4 6 7 -6 -5 12 14 -12 -10 -14 -11 16 -3 -13 25 -20 21 -21 -23 -8 -25 -19 27 -1 29 -29
right_child=-2 2 3 8 5 -7 23 -9 9 10 11 17 13 -15 -16 -17 -18 18 19 20 -22 22 -24 24 -26 -27 -28 28 -30 -31
leaf_value=746.15013097847816 -354.76275670728751 -602.90018375095485 669.51211159528259 -2333.7209838083199 10638.973482572192 2770.3925467324957 4545.8582411458365 76539.963769531256 1431.6133756096428 -855.03242080909331 3519.4505065321646 -690.29878831722488 4538.6718534395213 12764.526893811624 -4064.5565157870838 -2715.1874323287425 4566.8444987732819 1821.5977180566279 -3055.1691260597877 128.20398622507909 -193.83129420258612 7379.4181400008474 19565.16491324977 12192.218679985279 45450.627244285308 315.95265927020068 -4074.9277021008129 12196.22744164958 2593.1914432577523 52114.222151692709
leaf_weight=27680 93188 41722 34290 10285 39 7610 623 36 4397 12678 6820 61611 2846 923 5701 9176 1451 22157 5945 2332 90641 1037 380 330 54 50842 1321 301 3088 48
leaf_count=27680 93188 41722 34290 10285 39 7610 623 36 4397 12678 6820 61611 2846 923 5701 9176 1451 22157 5945 2332 90641 1037 380 330 54 50842 1321 301 3088 48
internal_value=0 81.3547 9.65125 146.314 1314.98 3861.35 11534.4 42271.4 -33.9896 54.1649 -63.2747 72.5978 3795.44 6553.12 -1850.6 -829.859 -429.15 -27.4577 208.147 -202.779 -23.1261 4104.08 10647.3 9245.12 16869.2 772.953 907.91 1119.44 4125.78 17686.4
internal_weight=0 406364 373926 321577 42982 8692 1082 75 278595 268310 260144 241765 8166 3769 18379 52349 43173 234945 173334 100335 94390 3749 1417 1007 384 72999 32438 31117 3437 349
internal_count=499552 406364 373926 321577 42982 8692 1082 75 278595 268310 260144 241765 8166 3769 18379 52349 43173 234945 173334 100335 94390 3749 1417 1007 384 72999 32438 31117 3437 349
is_linear=0
shrinkage=0.1


Tree=75
num_leaves=31
num_cat=0
split_feature=7 7 8 3 5 7 6 0 0 7 3 5 8 0 8 7 7 8 5 0 0 7 7 8 0 3 3 3 0 0
split_gain=1.29074e+12 6.10568e+12 6.89722e+12 7.70752e+12 7.93794e+13 5.46967e+12 6.58476e+12 5.00691e+12 3.99058e+12 2.64309e+12 5.35237e+12 2.58353e+12 2.53691e+12 2.28358e+12 2.16351e+12 2.05515e+12 1.79781e+13 3.40339e+13 2.32618e+13 9.37638e+13 8.67771e+12 6.80765e+12 5.26126e+12 6.90209e+12 7.43221e+12 5.00339e+12 8.20993e+12 3.88624e+12 3.46971e+12 1.65637e+13
threshold=6.5000000000000009 11.500000000000002 4.5000000000000009 3.5000000000000004 1.0000000180025095e-35 13.500000000000002 40.500000000000007 2008.5000000000002 2007.5000000000002 4.5000000000000009 3.5000000000000004 1.0000000180025095e-35 332.50000000000006 2006.5000000000002 87.500000000000014 22.500000000000004 25.500000000000004 1.5000000000000002 1.0000000180025095e-35 2013.5000000000002 2008.5000000000002 32.500000000000007 21.500000000000004 77.500000000000014 2011.5000000000002 2.5000000000000004 1.0000000180025095e-35 2.5000000000000004 2015.5000000000002 2014.5000000000002
decision_type=2 2 2 2 2 2 2 2 2 2 2 2 2 2 2 2 2 2 2 2 2 2 2 2 2 2 2 2 2 2
left_child=9 2 7 -4 -5 6 -3 -2 -8 12 13 14 -1 -11 -10 22 17 18 19 25 27 -18 -7 24 -24 26 -17 -20 29 -22
right_child=1 5 3 4 -6 15 8 -9 11 10 -12 -13 -14 -15 -16 16 21 -19 20 -21 28 -23 23 -25 -26 -27 -28 -29 -30 -31
leaf_value=-64.665725881598377 -5617.9004225525932 -259.0277411510869 -1558.1342730445397 -58901.707360197375 167857.69633413464 -404.31369814404496 3694.9164722702608 -21173.890111503875 12711.945109375622 992.90253933031545 -37898.491782078599 6366.6394711727735 4884.9771971411792 4604.0776260343946 27725.497998623585 18831.094628147963 -2090.8543016894087 228.03187168397801 36982.622288335755 231727.15891927085 16980.143455924172 29.77108094585391 -6999.5291558719373 -112.73848902619916 -27401.518034306282 -22750.664546130953 70417.085498046872 6475.4319480536724 5109.4361986844051 66125.634729897109
leaf_weight=25695 777 2995 14909 38 26 20937 1908 282 393 4292 33 511 1079 2958 127 164 15738 4882 43 24 419 397089 1030 1296 216 21 38 1444 106 82
leaf_count=25695 777 2995 14909 38 26 20937 1908 282 393 4292 33 511 1079 2958 127 164 15738 4882 43 24 419 397089 1030 1296 216 21 38 1444 106 82
internal_value=0 -43.4786 -1961.1 -1409.48 33219.3 24.9215 3040.85 -9760.29 6403.6 594.27 2283.37 11416.4 134.806 2466.26 16378.7 -15.4288 35.4633 4981.37 14894.1 43918.4 11470.6 -51.0725 -925.911 -5222.01 -10536.3 23705.8 28535.4 7357.62 21546.3 25023.9
internal_weight=0 465495 16032 14973 64 449463 5934 1059 2939 34057 7283 1031 26774 7250 520 443529 420050 7223 2341 247 2094 412827 23479 2542 1246 223 202 1487 607 501
internal_count=499552 465495 16032 14973 64 449463 5934 1059 2939 34057 7283 1031 26774 7250 520 443529 420050 7223 2341 247 2094 412827 23479 2542 1246 223 202 1487 607 501
is_linear=0
shrinkage=0.1


Tree=76
num_leaves=31
num_cat=0
split_feature=3 3 8 7 0 7 0 7 0 4 7 1 6 6 6 6 7 0 3 7 0 7 7 7 0 0 0 7 7 0
split_gain=1.29822e+12 2.23864e+12 3.34575e+12 3.99198e+12 8.20291e+12 2.94991e+12 2.63992e+12 2.5666e+12 2.25862e+12 2.05164e+12 1.91156e+12 1.88161e+12 1.87245e+12 4.59335e+12 2.64154e+12 3.67346e+12 3.8354e+12 1.85733e+12 1.85628e+12 2.02627e+12 2.54371e+12 1.77311e+12 3.95931e+12 8.71475e+12 7.58338e+12 3.91376e+12 4.42318e+12 2.8253e+12 1.22475e+13 6.6096e+12
threshold=2.5000000000000004 1.0000000180025095e-35 1.0000000180025095e-35 81.500000000000014 2011.5000000000002 9.5000000000000018 2010.5000000000002 96.500000000000014 2015.5000000000002 1.0000000180025095e-35 13.500000000000002 6.5000000000000009 9.5000000000000018 8.5000000000000018 7.5000000000000009 6.5000000000000009 119.50000000000001 2005.5000000000002 1.5000000000000002 93.500000000000014 2002.5000000000002 28.500000000000004 68.500000000000014 73.500000000000014 2012.5000000000002 2013.5000000000002 2009.5000000000002 24.500000000000004 25.500000000000004 2002.5000000000002
decision_type=2 2 2 2 2 2 2 2 2 2 2 2 2 2 2 2 2 2 2 2 2 2 2 2 2 2 2 2 2 2
left_child=1 9 3 5 7 6 -3 18 -4 -1 17 -6 13 14 15 -10 -17 -7 19 20 -5 27 -23 24 -24 26 -25 -12 29 -29
right_child=-2 2 8 4 11 10 -8 -9 12 -11 21 -13 -14 -15 -16 16 -18 -19 -20 -21 -22 22 23 25 -26 -27 -28 28 -30 -31
leaf_value=-314.83736522106136 -336.63609699463791 7653.6688189295955 139.07547015195922 14358.819943019324 33232.312727864584 -852.07197588752297 34263.125368245441 -5283.468979442363 2196.7368948036237 1248.0821358904868 2082.0279489983454 75080.656693892044 673.143925034885 16381.012943579794 -5672.4000360152304 41937.473880525919 9189.3251191874915 -24704.748444870285 35238.478688897034 23965.20299005682 -23766.579212239583 -3689.0326625820599 12626.754563395183 -4403.3905828267989 59162.526412442843 -38437.786041666666 34043.324828361743 19289.3974609375 5378.8991899913535 97127.6796875
leaf_weight=144585 93188 167 234240 42 21 85 48 98 3515 8917 1080 22 10277 247 374 41 280 53 36 55 30 1131 240 321 41 30 33 20 311 24
leaf_count=144585 93188 167 234240 42 21 85 48 98 3515 8917 1080 22 10277 247 374 41 280 53 36 55 30 1131 240 321 41 30 33 20 311 24
internal_value=0 77.1979 260.071 3170.91 14173.1 2237.69 13594.4 7505.61 214.615 -224.047 1512.94 54643.1 1415.54 3127.35 2349.76 3131.9 13372.1 -10012.9 15194.8 9513.06 -1526.76 2005.22 -88.7547 6034.42 19416.7 -3758.31 -819.375 4625.98 12365.3 61746.6
internal_weight=0 406364 252862 3888 304 3584 215 261 248974 153502 3369 43 14734 4457 4210 3836 321 138 163 127 72 3231 1796 665 281 384 354 1435 355 44
internal_count=499552 406364 252862 3888 304 3584 215 261 248974 153502 3369 43 14734 4457 4210 3836 321 138 163 127 72 3231 1796 665 281 384 354 1435 355 44
is_linear=0
shrinkage=0.1


Tree=77
num_leaves=31
num_cat=0
split_feature=1 0 7 1 8 5 1 1 8 6 7 3 7 7 6 3 5 0 8 6 0 3 1 6 8 8 6 8 3 5
split_gain=1.20072e+12 1.30233e+12 1.39069e+12 1.49347e+13 3.67515e+13 8.77189e+12 2.94399e+13 2.15734e+13 5.0227e+12 1.34397e+12 1.86867e+12 1.09113e+13 2.6673e+12 3.19716e+12 4.80297e+12 1.76632e+12 1.87368e+12 1.73524e+12 1.26352e+12 2.02961e+12 1.21781e+12 1.69675e+12 3.91206e+13 1.65424e+13 1.42383e+13 4.36178e+13 2.54493e+12 1.52055e+12 3.03331e+12 4.8962e+12
threshold=3.5000000000000004 2000.5000000000002 386.50000000000006 10.500000000000002 706.50000000000011 1.0000000180025095e-35 8.5000000000000018 9.5000000000000018 706.50000000000011 113.50000000000001 343.50000000000006 3.5000000000000004 336.50000000000006 338.50000000000006 31.500000000000004 1.5000000000000002 1.0000000180025095e-35 2012.5000000000002 886.50000000000011 76.500000000000014 2015.5000000000002 3.5000000000000004 2.5000000000000004 1.0000000180025095e-35 65.500000000000014 281.50000000000006 12.500000000000002 2.5000000000000004 3.5000000000000004 1.0000000180025095e-35
decision_type=2 2 2 2 2 2 2 2 2 2 2 2 2 2 2 2 2 2 2 2 2 2 2 2 2 2 2 2 2 2
left_child=20 -2 9 5 -5 7 -7 8 -4 10 12 -12 18 14 -14 -16 17 -17 -3 -20 21 -1 24 -24 -23 -26 -25 28 -22 -30
right_child=1 2 3 4 -6 6 -8 -9 -10 -11 11 -13 13 -15 15 16 -18 -19 19 -21 27 22 23 26 25 -27 -28 -29 29 -31
leaf_value=-397.68956679674466 -209.13578647037957 173.47158207706201 -56107.031694335936 161478.62001770022 -9357.7053695903105 10548.426688544696 -136306.76173828126 96827.594314707894 1097.5504450480144 7684.3833229244501 -1090.3764523652551 -58711.991962594708 -627.7746058323587 1267.4354173756406 8533.756590120558 23476.724079483698 9608.9987109820049 49490.550322561554 3631.9247942713082 -1494.3798374804974 2773.2174873888639 -8756.1423368566175 -137908.67622767857 -5984.854464285715 180202.35840773812 -23613.220238095237 -50786.19287109375 264.6640338895167 48234.980828536187 -6325.2265759698275
leaf_weight=94990 111204 267765 20 20 34 43 20 23 66 239 7909 33 258 1508 142 115 72 33 2508 1116 1237 34 21 21 21 21 32 9980 38 29
leaf_count=94990 111204 267765 20 20 34 43 20 23 66 239 7909 33 258 1508 142 115 72 33 2508 1116 1237 34 21 21 21 21 32 9980 38 29
internal_value=0 80.6645 194.975 8036.24 53915 -6367.56 -36072.3 10801.2 -12205.8 188.684 182.319 -1329.8 226.226 3752.81 9797.88 17228.3 22840.3 29277.1 198.574 2053.29 -297.973 -414.471 -11041.7 -62796.2 39350.8 78294.6 -33034.7 684.271 3895.68 24619.4
internal_weight=0 393128 281924 226 54 172 63 109 86 281698 281459 7942 273517 2128 620 362 220 148 271389 3624 106424 95140 150 74 76 42 53 11284 1304 67
internal_count=499552 393128 281924 226 54 172 63 109 86 281698 281459 7942 273517 2128 620 362 220 148 271389 3624 106424 95140 150 74 76 42 53 11284 1304 67
is_linear=0
shrinkage=0.1


Tree=78
num_leaves=31
num_cat=0
split_feature=4 3 3 7 7 8 8 1 1 1 1 6 7 7 8 0 7 7 7 7 0 7 7 1 7 1 7 7 7 7
split_gain=1.07172e+12 4.59896e+12 2.06901e+12 2.65157e+13 7.93125e+12 7.54969e+12 1.21159e+13 3.17467e+13 5.69079e+13 2.33353e+13 1.65512e+13 6.59594e+13 1.17644e+13 1.81237e+13 3.49869e+13 1.06017e+13 2.26463e+13 9.59308e+12 1.94877e+13 1.4058e+13 2.71372e+13 1.4085e+13 1.49631e+13 2.13975e+13 4.94117e+13 3.05013e+13 1.43841e+13 9.42128e+12 8.37696e+12 8.0628e+12
threshold=1.0000000180025095e-35 3.5000000000000004 3.5000000000000004 353.50000000000006 288.50000000000006 4.5000000000000009 12.500000000000002 5.5000000000000009 3.5000000000000004 9.5000000000000018 11.500000000000002 4.5000000000000009 41.500000000000007 60.500000000000007 103.50000000000001 2013.5000000000002 161.50000000000003 117.50000000000001 81.500000000000014 50.500000000000007 2015.5000000000002 35.500000000000007 25.500000000000004 10.500000000000002 24.500000000000004 6.5000000000000009 13.500000000000002 217.50000000000003 31.500000000000004 283.50000000000006
decision_type=2 2 2 2 2 2 2 2 2 2 2 2 2 2 2 2 2 2 2 2 2 2 2 2 2 2 2 2 2 2
left_child=2 -2 -1 4 5 17 7 8 -7 -9 12 -12 28 14 -14 16 -15 18 19 21 -21 22 23 24 25 26 -4 -13 -8 -17
right_child=1 -3 3 -5 -6 6 10 9 -10 -11 11 27 13 15 -16 29 -18 -19 -20 20 -22 -23 -24 -25 -26 -27 -28 -29 -30 -31
leaf_value=-64.212722900280198 477.58752438595843 -20276.023775418009 -8141.4624131945111 93407.166552734387 -20156.849200360186 16984.437438322369 -14537.179807470178 -64414.571175570105 222105.81888950893 48673.179391818579 170680.31745689656 -14938.01224791061 123587.11497395833 123091.24895833334 -5171.3922564338245 -3173.2238936285653 -23769.014657738095 -56370.09776642629 64449.580974187076 -125658.68235452588 -2139.2271601137909 59432.502194393383 -82540.26985937501 -82110.558233173084 129891.60596354166 -91732.087767857141 92088.327036830364 47914.442625473486 -78510.071807065222 55537.497233072914
leaf_weight=446375 50953 107 45 32 154 38 186 37 21 36 29 86 36 21 51 922 21 39 37 29 46 34 25 26 30 35 21 33 23 24
leaf_count=446375 50953 107 45 32 154 38 186 37 21 36 29 86 36 21 51 922 21 39 37 29 46 34 25 26 30 35 21 33 23 24
internal_value=0 434.097 -49.4211 3069.42 1682.95 3424.7 6453.62 35443.4 89993.7 -8645.27 3781.38 35447.5 131.388 4351.95 48108 498.942 49661.1 -9483.29 -3908.33 -12599.9 -49900.1 351.565 -10685.5 756.304 17203.2 -16268.7 23749.8 2491.66 -21577.3 -1683.73
internal_weight=0 51060 448492 2117 2085 1931 1564 132 59 73 1432 148 1284 1075 87 988 42 367 328 291 75 216 182 157 131 101 66 119 209 946
internal_count=499552 51060 448492 2117 2085 1931 1564 132 59 73 1432 148 1284 1075 87 988 42 367 328 291 75 216 182 157 131 101 66 119 209 946
is_linear=0
shrinkage=0.1


Tree=79
num_leaves=31
num_cat=0
split_feature=3 6 6 6 6 7 8 8 6 6 6 6 8 0 7 7 3 6 6 6 0 8 8 8 7 7 7 7 8 7
split_gain=1.11431e+12 2.04494e+12 3.22216e+12 5.36147e+12 5.54419e+12 5.71793e+12 6.11187e+12 6.45406e+12 4.42443e+12 9.32797e+12 4.72573e+12 6.76659e+12 4.25336e+12 3.62623e+12 3.49643e+12 3.307e+12 3.0618e+12 3.05295e+12 4.78948e+12 5.25963e+12 4.14505e+12 3.09955e+12 4.67969e+12 4.3086e+12 5.1207e+12 4.86929e+12 6.57919e+12 3.71979e+12 3.02672e+12 2.97633e+12
threshold=2.5000000000000004 1.0000000180025095e-35 3.5000000000000004 7.5000000000000009 6.5000000000000009 119.50000000000001 294.50000000000006 284.50000000000006 8.5000000000000018 9.5000000000000018 11.500000000000002 12.500000000000002 305.50000000000006 2008.5000000000002 66.500000000000014 78.500000000000014 1.5000000000000002 23.500000000000004 25.500000000000004 24.500000000000004 2012.5000000000002 13.500000000000002 10.500000000000002 20.500000000000004 66.500000000000014 12.500000000000002 14.500000000000002 63.500000000000007 14.500000000000002 74.500000000000014
decision_type=2 2 2 2 2 2 2 2 2 2 2 2 2 2 2 2 2 2 2 2 2 2 2 2 2 2 2 2 2 2
left_child=1 16 15 4 -4 6 7 -6 -5 12 14 -12 -10 -14 -11 29 -1 -13 19 -19 -21 22 -20 27 25 -25 -27 28 -23 -3
right_child=-2 2 3 8 5 -7 -8 -9 9 10 11 17 13 -15 -16 -17 -18 18 21 20 -22 23 -24 24 -26 26 -28 -29 -30 -31
leaf_value=527.93548859792293 -311.88135224183566 -510.52800519625492 591.62171728996748 -2071.9353110079505 9576.7184177496511 2452.1050419579228 8170.1423480524454 68293.660820855046 1256.4992972969603 -683.85829093818279 3159.7042080901028 -576.84959488449101 3538.6902624835225 10025.237883574388 -3665.6166398140158 -2446.1319640412216 3925.6200294113683 94.316514511089395 600.2291843240713 3207.6053353368493 10553.000878613439 163.64035424897227 5287.2397539515832 -2762.3052523152028 -173.06963353386399 8769.33524937734 1624.7945448804642 1405.9569951605695 -4043.2701978922337 4096.6014778478984
leaf_weight=29524 93188 41722 34290 10285 39 7610 1007 36 4397 12678 6820 72184 2435 1334 5701 9176 2914 5485 11339 4245 938 2327 2623 2191 108928 1417 14259 2557 6452 1451
leaf_count=29524 93188 41722 34290 10285 39 7610 1007 36 4397 12678 6820 72184 2435 1334 5701 9176 2914 5485 11339 4245 938 2327 2623 2191 108928 1417 14259 2557 6452 1451
internal_value=0 71.5211 5.44914 123.887 1163.43 3419.23 10221.3 37760.9 -36.4948 41.5288 -62.9367 54.5779 3369.48 5834.54 -1608.77 -722.111 833.159 -35.5579 204.503 2252.75 4536.95 60.8366 1480.76 -82.6867 84.3074 1653.43 2270.61 -1950.54 -2928.17 -355.687
internal_weight=0 406364 373926 321577 42982 8692 1082 75 278595 268310 260144 241765 8166 3769 18379 52349 32438 234945 162761 10668 5183 152093 13962 138131 126795 17867 15676 11336 8779 43173
internal_count=499552 406364 373926 321577 42982 8692 1082 75 278595 268310 260144 241765 8166 3769 18379 52349 32438 234945 162761 10668 5183 152093 13962 138131 126795 17867 15676 11336 8779 43173
is_linear=0
shrinkage=0.1


Tree=80
num_leaves=31
num_cat=0
split_feature=7 7 8 3 5 0 7 6 0 7 3 8 0 7 7 8 5 0 0 3 7 7 8 0 0 0 1 1 3 3
split_gain=1.22207e+12 4.50889e+12 5.4663e+12 6.2965e+12 6.49798e+13 3.96452e+12 3.87741e+12 4.65586e+12 3.25839e+12 1.95896e+12 3.51758e+12 2.0455e+12 1.85037e+12 1.64891e+12 1.4219e+13 2.67359e+13 1.75182e+13 7.57762e+13 6.55229e+12 1.01288e+13 5.37854e+12 4.31781e+12 5.63072e+12 6.16312e+12 4.28478e+12 1.43409e+13 2.83514e+13 6.11422e+12 3.86932e+12 4.95969e+12
threshold=6.5000000000000009 11.500000000000002 4.5000000000000009 3.5000000000000004 1.0000000180025095e-35 2005.5000000000002 13.500000000000002 40.500000000000007 2010.5000000000002 4.5000000000000009 3.5000000000000004 332.50000000000006 2011.5000000000002 22.500000000000004 25.500000000000004 1.5000000000000002 1.0000000180025095e-35 2013.5000000000002 2000.5000000000002 2.5000000000000004 32.500000000000007 21.500000000000004 77.500000000000014 2012.5000000000002 2014.5000000000002 2015.5000000000002 6.5000000000000009 4.5000000000000009 2.5000000000000004 1.0000000180025095e-35
decision_type=2 2 2 2 2 2 2 2 2 2 2 2 2 2 2 2 2 2 2 2 2 2 2 2 2 2 2 2 2 2
left_child=9 2 5 -4 -5 -2 7 -3 -9 11 12 -1 -11 21 15 16 17 28 -18 -20 -16 -8 23 -23 -21 26 -26 -27 29 -15
right_child=1 6 3 4 -6 -7 13 8 -10 10 -12 -13 -14 14 20 -17 18 -19 19 24 -22 22 -24 -25 25 27 -28 -29 -30 -31
leaf_value=3.5745105800376518 -3604.1543037173114 -219.01923342690444 -1333.4878052084425 -53247.97387952303 151915.794921875 -16077.158370638004 -360.52405408797057 3427.4315987502737 11051.558524444945 1311.4519877216414 -30542.174928977271 4448.0625890542669 5116.9146785600178 16933.87012076029 -1861.9555855198757 213.64420774784895 2041.5395973102311 207235.82572428387 82994.681147693453 10870.438302734776 22.985249865223203 -6653.6876674394925 -110.16750375253183 -26752.186112821772 15803.112687942217 24353.404098252122 140201.0421595982 -23991.264379233504 -20624.357570684526 57028.76255653784
leaf_weight=25695 632 2995 14909 38 26 427 20937 2185 754 5594 33 1079 1656 164 15738 4882 665 24 21 1221 397089 1068 1296 178 53 59 28 47 21 38
leaf_count=25695 632 2995 14909 38 26 427 20937 2185 754 5594 33 1079 1656 164 15738 4882 665 24 21 1221 397089 1068 1296 178 53 59 28 47 21 38
internal_value=0 -42.3061 -1690.2 -1199.13 30099.8 -8633.4 16.4731 2555.76 5383.4 578.245 2032.4 182.689 2180.67 -17.5001 28.0855 4426.63 13212.5 38400 10241.5 14057.5 -48.8734 -833.046 -4724.94 -9524.9 13029.3 27125.4 58804.9 2917.56 20229.3 24476.5
internal_weight=0 465495 16032 14973 64 1059 449463 5934 2939 34057 7283 26774 7250 443529 420050 7223 2341 247 2094 1429 412827 23479 2542 1246 1408 187 81 106 223 202
internal_count=499552 465495 16032 14973 64 1059 449463 5934 2939 34057 7283 26774 7250 443529 420050 7223 2341 247 2094 1429 412827 23479 2542 1246 1408 187 81 106 223 202
is_linear=0
shrinkage=0.1


Tree=81
num_leaves=31
num_cat=0
split_feature=1 3 7 1 7 7 1 7 6 7 7 7 6 5 6 1 1 7 1 0 8 0 7 7 8 7 6 6 7 8
split_gain=1.03008e+12 1.25402e+12 5.14883e+13 6.5083e+12 3.25173e+13 5.36036e+13 2.4714e+13 1.75111e+13 5.49491e+13 2.33025e+13 1.79848e+13 1.10111e+13 9.65828e+12 8.25531e+12 9.37923e+12 3.42519e+13 6.66926e+12 1.66067e+13 1.74899e+13 8.65237e+12 6.48183e+12 8.20983e+12 3.54272e+12 1.48132e+13 6.63902e+12 4.00589e+12 3.50678e+12 1.33467e+13 3.26947e+12 3.21903e+12
threshold=6.5000000000000009 3.5000000000000004 345.50000000000006 8.5000000000000018 94.500000000000014 59.500000000000007 7.5000000000000009 10.500000000000002 2.5000000000000004 37.500000000000007 40.500000000000007 54.500000000000007 5.5000000000000009 1.0000000180025095e-35 4.5000000000000009 10.500000000000002 10.500000000000002 27.500000000000004 9.5000000000000018 2015.5000000000002 155.50000000000003 2015.5000000000002 159.50000000000003 135.50000000000003 32.500000000000007 89.500000000000014 21.500000000000004 27.500000000000004 221.50000000000003 55.500000000000007
decision_type=2 2 2 2 2 2 2 2 2 2 2 2 2 2 2 2 2 2 2 2 2 2 2 2 2 2 2 2 2 2
left_child=-1 -2 3 4 5 6 -3 8 -5 16 -11 -12 -6 14 15 -13 17 18 -9 -18 21 -15 23 24 -16 -26 -24 -28 -22 -23
right_child=1 2 -4 7 12 -7 -8 9 -10 10 11 13 -14 20 22 -17 19 -19 -20 -21 28 29 26 -25 25 -27 27 -29 -30 -31
leaf_value=-153.14983526341254 120.53803192639242 -52408.36076931424 154947.19914772728 150626.05519935346 -80706.856218261717 155685.94852430557 63972.39172297297 -47754.500403284146 -21173.552154071516 80530.137049278856 -56520.089761513162 -44277.581490384619 -6021.8802039804395 -83312.335250538803 37949.527406250003 108195.06727941177 -116496.29356971156 -104048.965390625 75625.783427734379 -36384.086174665179 35536.126023065473 6986.2583333333332 -20109.137395573463 62928.379044397865 -43740.627783203126 -470.35289253566583 72570.109442934787 -12328.821970086348 -20265.122237723215 -43923.593923021399
leaf_weight=233711 264725 36 22 29 20 36 37 27 52 26 38 26 129 29 25 34 26 20 20 28 21 27 119 41 40 46 23 95 21 23
leaf_count=233711 264725 36 22 29 20 36 37 27 52 26 38 26 129 29 25 34 26 20 20 28 21 27 119 41 40 46 23 95 21 23
internal_value=0 134.64 3479.72 433.759 14317.9 55825.4 6579.14 -3851.05 40334.9 -8591.54 -916.589 -4399.51 -16046.7 -924.803 5322.59 42123.6 -48805.7 -27728.9 4747.75 -74956.6 -24107.3 -40983.2 -353.657 11562.8 -7410.12 -20596.1 -7996.26 4219.27 7635.5 -16432.3
internal_weight=0 265841 1116 1094 258 109 73 836 81 755 634 608 149 570 449 60 121 67 47 54 121 79 389 152 111 86 237 118 42 50
internal_count=499552 265841 1116 1094 258 109 73 836 81 755 634 608 149 570 449 60 121 67 47 54 121 79 389 152 111 86 237 118 42 50
is_linear=0
shrinkage=0.1


Tree=82
num_leaves=31
num_cat=0
split_feature=3 3 6 0 8 8 0 0 8 7 7 7 7 0 7 0 1 0 1 0 8 8 8 6 0 6 6 8 7 6
split_gain=1.03902e+12 1.81007e+12 3.05119e+12 2.87045e+12 2.1404e+12 5.00619e+12 7.16981e+12 5.2651e+12 2.37731e+12 1.93138e+12 3.31696e+12 3.69735e+12 2.63758e+12 5.88551e+12 2.29277e+12 2.14205e+12 1.99846e+12 3.18124e+12 1.91394e+12 1.75811e+12 1.64854e+12 1.59121e+12 7.07388e+12 5.10727e+12 7.04759e+12 3.1357e+12 2.5229e+12 5.20271e+12 2.51633e+12 2.20826e+12
threshold=2.5000000000000004 1.5000000000000002 1.0000000180025095e-35 2016.5000000000002 227.50000000000003 179.50000000000003 2009.5000000000002 2011.5000000000002 209.50000000000003 60.500000000000007 20.500000000000004 13.500000000000002 71.500000000000014 2009.5000000000002 9.5000000000000018 2001.5000000000002 5.5000000000000009 2003.5000000000002 7.5000000000000009 2015.5000000000002 71.500000000000014 380.50000000000006 389.50000000000006 18.500000000000004 2008.5000000000002 3.5000000000000004 12.500000000000002 886.50000000000011 290.50000000000006 24.500000000000004
decision_type=2 2 2 2 2 2 2 2 2 2 2 2 2 2 2 2 2 2 2 2 2 2 2 2 2 2 2 2 2 2
left_child=1 -1 3 4 5 9 -7 -8 -9 10 11 14 13 -11 -3 -13 17 -14 -17 21 -16 29 23 24 -23 -24 27 -27 -29 -4
right_child=-2 2 19 -5 -6 6 7 8 -10 12 -12 15 16 -15 20 18 -18 -19 -20 -21 -22 22 25 -25 -26 26 -28 28 -30 -31
leaf_value=-63.387939772088515 -301.16192883018732 22677.496499565972 -448.9914308961732 32485.861623965997 -255.35952789250234 8054.204952741351 86013.866816406255 49554.90121372768 11153.742200349508 9989.7255793253589 -4694.1642074914289 4610.7604467359643 6785.5016190378292 64462.437472656253 -22205.896563361675 40894.590951704551 10109.300293397067 -38107.763787615746 11711.433331620066 1872.1425130616699 873.27096504543135 14415.292466722094 -4733.3765493281553 6276.6464819972261 63372.579404296877 2027.1571692921852 315.02988597278994 12329.658202610568 39435.319605087658 653.83491638770192
leaf_weight=291541 93188 45 46480 34 1082 280 20 28 38 96 556 59 38 25 34 55 114 27 38 6869 345 111 1053 476 40 5729 21106 208 41 29796
leaf_count=291541 93188 45 46480 34 1082 280 20 28 38 96 556 59 38 25 34 55 114 27 38 6869 345 111 1053 476 40 5729 21106 208 41 29796
internal_value=0 69.0629 405.362 3599.9 3258.89 5373.69 15811 41065.8 27445.1 2706.04 815.443 6133.75 9839.91 21244.4 1336.71 19514.9 2130.72 -11862.5 28970.3 322.179 -1197.16 220.821 854.626 11359.9 27384.1 620.527 828.682 2642.19 16792.8 -18.1899
internal_weight=0 406364 114823 2914 2880 1798 366 86 66 1432 1132 576 300 121 424 152 179 65 93 111909 379 105040 28764 627 151 28137 27084 5978 249 76276
internal_count=499552 406364 114823 2914 2880 1798 366 86 66 1432 1132 576 300 121 424 152 179 65 93 111909 379 105040 28764 627 151 28137 27084 5978 249 76276
is_linear=0
shrinkage=0.1


Tree=83
num_leaves=31
num_cat=0
split_feature=8 8 8 8 3 7 0 8 6 7 7 7 5 0 7 0 7 3 1 1 0 1 0 0 1 1 4 0 1 1
split_gain=1.02381e+12 6.19452e+12 4.96998e+12 4.44594e+12 2.10898e+13 4.3018e+12 3.85459e+12 2.8192e+12 2.42647e+12 2.38329e+12 2.08722e+13 1.09369e+13 1.43553e+13 6.19768e+13 9.17613e+12 5.60747e+12 5.48859e+12 6.01168e+12 2.3361e+13 3.72358e+12 8.03815e+12 3.17178e+12 2.81278e+12 1.05537e+13 2.26932e+13 5.01464e+12 3.09145e+12 5.67004e+12 2.71344e+12 5.19954e+12
threshold=13.500000000000002 26.500000000000004 33.500000000000007 10.500000000000002 3.5000000000000004 243.50000000000003 2015.5000000000002 35.500000000000007 24.500000000000004 28.500000000000004 24.500000000000004 25.500000000000004 1.0000000180025095e-35 2013.5000000000002 29.500000000000004 2008.5000000000002 7.5000000000000009 3.5000000000000004 6.5000000000000009 7.5000000000000009 2005.5000000000002 3.5000000000000004 2015.5000000000002 2014.5000000000002 6.5000000000000009 4.5000000000000009 1.0000000180025095e-35 2013.5000000000002 6.5000000000000009 2.5000000000000004
decision_type=2 2 2 2 2 2 2 2 2 2 2 2 2 2 2 2 2 2 2 2 2 2 2 2 2 2 2 2 2 2
left_child=3 -2 5 9 8 -3 -7 -4 -5 10 16 12 13 19 -11 -14 -1 -18 -19 20 -12 -22 23 26 -25 -24 27 28 29 -17
right_child=1 2 7 4 -6 6 -8 -9 -10 14 11 -13 15 -15 -16 22 17 18 -20 -21 21 -23 25 24 -26 -27 -28 -29 -30 -31
leaf_value=758.77985483248699 -1345.210514023551 1228.0713823266406 -2646.5847409681742 855.39229124454869 80967.455369657633 5439.4728840483649 26288.750043373922 2.3174743278950394 4205.0708955454484 -6835.5910247120964 12057.980823483675 813.57468938498198 5944.1457410308285 187431.23959248862 -111.38725151169338 1906.2914461096939 -1575.5216649261702 25885.679090073532 -93157.165649414062 2302.3460970791907 36633.766852678578 90966.885493607959 21963.495252913137 15408.178747106482 126345.81595982144 -21818.751865857714 51454.664490327385 -9835.7599646935105 9632.8739811299001 41870.850525720343
leaf_weight=27370 34945 13650 4066 5982 34 1565 94 339269 3387 2115 92 1419 1487 24 50172 49 13077 34 32 88 21 22 59 54 28 47 21 91 161 97
leaf_count=27370 34945 13650 4066 5982 34 1565 94 339269 3387 2115 92 1419 1487 24 50172 49 13077 34 32 88 21 22 59 54 28 47 21 91 161 97
internal_value=0 -74.2807 49.5542 275.908 2351.64 1812.47 6620.81 -29.0526 2066.34 73.7741 613.679 7740.86 11939.8 34740.4 -383.38 9250.38 -47.7923 -1727.46 -31832.1 18307.3 28740.1 64432.1 17349.8 20481 53289.3 2550.61 14060.3 12087.2 18585.6 28458.1
internal_weight=0 393589 358644 105963 9403 15309 1659 343335 9369 96560 44273 3760 2341 247 52287 2094 40513 13143 66 223 135 43 607 501 82 106 419 398 307 146
internal_count=499552 393589 358644 105963 9403 15309 1659 343335 9369 96560 44273 3760 2341 247 52287 2094 40513 13143 66 223 135 43 607 501 82 106 419 398 307 146
is_linear=0
shrinkage=0.1


Tree=84
num_leaves=31
num_cat=0
split_feature=6 6 6 7 6 6 6 6 0 8 6 6 3 6 6 5 0 8 5 6 0 8 8 8 8 7 7 7 3 0
split_gain=9.6915e+11 2.90901e+12 2.29149e+12 3.99611e+12 1.93146e+12 3.40907e+12 1.11742e+13 5.283e+12 4.39901e+12 4.58241e+12 3.6751e+12 3.89925e+12 2.82829e+12 2.73387e+12 5.89912e+12 2.64737e+12 2.59491e+12 2.49793e+12 2.10829e+12 1.9879e+12 1.91399e+12 1.74089e+12 2.07284e+12 1.6382e+12 1.56661e+12 1.87887e+12 1.99161e+12 1.70834e+12 1.54462e+12 1.4395e+12
threshold=88.500000000000014 85.500000000000014 96.500000000000014 267.50000000000006 79.500000000000014 75.500000000000014 76.500000000000014 78.500000000000014 2006.5000000000002 479.50000000000006 73.500000000000014 72.500000000000014 1.5000000000000002 82.500000000000014 83.500000000000014 1.0000000180025095e-35 2013.5000000000002 97.500000000000014 1.0000000180025095e-35 77.500000000000014 2002.5000000000002 236.50000000000003 109.50000000000001 394.50000000000006 886.50000000000011 320.50000000000006 290.50000000000006 299.50000000000006 1.5000000000000002 2013.5000000000002
decision_type=2 2 2 2 2 2 2 2 2 2 2 2 2 2 2 2 2 2 2 2 2 2 2 2 2 2 2 2 2 2
left_child=1 4 29 -4 5 10 8 19 -7 18 11 24 -11 -6 16 -14 -15 20 28 -8 -13 22 -3 -23 -1 26 -26 -28 -10 -2
right_child=2 21 3 -5 13 6 7 -9 9 12 -12 17 15 14 -16 -17 -18 -19 -20 -21 -22 23 -24 -25 25 -27 27 -29 -30 -31
leaf_value=-9.321141160014319 -1394.0671416573548 4134.6473407814501 3923.974618173781 -622.47194504597007 -3438.5455623875591 6058.2331191157209 -22.954006766723282 5032.1167978672793 11750.259476680756 10990.773962628402 -3527.6444337474591 1484.0035586354979 66957.890453441723 4363.5566372104704 -2542.212024838278 25775.241866274235 18621.948862725618 -5492.8780521213075 2624.4739825391393 -5452.9916142474603 9604.7663375175107 17873.73021711997 -1837.8440058492904 4947.1950724229082 2461.5088874250946 -1136.8322933224749 25192.621762084964 2619.2054840580113 26794.796335890314 -5056.4636852799858
leaf_weight=451336 7206 1269 2332 11307 3851 870 1388 1334 160 27 2926 446 37 1066 2316 27 145 191 127 1311 831 109 1072 975 3727 1651 73 62 119 1261
leaf_count=451336 7206 1269 2332 11307 3851 870 1388 1334 160 27 2926 446 37 1066 2316 27 145 191 127 1311 831 109 1072 975 3727 1651 73 62 119 1261
internal_value=0 29.9708 -647.31 154.881 8.98901 34.3707 2532.38 -116.015 10345.8 17851.2 5.12532 27.6793 38133.2 -1596.35 415.075 49584 6070.8 5173.22 13305.2 -2660.52 6768.54 2933.85 1399.7 6247 11.1451 1686.67 2893.71 14825.6 18167.1 -1939.51
internal_weight=0 477446 22106 13639 474021 466643 5400 4033 1367 497 461243 458317 91 7378 3527 64 1211 1468 406 2699 1277 3425 2341 1084 456849 5513 3862 135 279 8467
internal_count=499552 477446 22106 13639 474021 466643 5400 4033 1367 497 461243 458317 91 7378 3527 64 1211 1468 406 2699 1277 3425 2341 1084 456849 5513 3862 135 279 8467
is_linear=0
shrinkage=0.1


Tree=85
num_leaves=31
num_cat=0
split_feature=3 6 7 7 7 0 5 3 7 7 7 0 6 6 6 0 7 3 6 6 6 6 8 7 0 7 6 6 6 8
split_gain=9.9415e+11 1.73392e+12 2.74059e+12 2.57604e+12 4.97238e+12 4.36827e+12 3.0524e+12 2.69658e+12 2.60371e+12 1.28718e+13 6.70749e+12 4.80249e+12 2.40625e+12 4.09317e+12 4.32314e+12 4.72288e+12 4.71369e+12 6.60822e+12 3.46938e+12 7.34227e+12 3.40216e+12 5.39296e+12 3.2506e+12 3.06497e+12 2.96034e+12 2.699e+12 2.56283e+12 4.72105e+12 3.72111e+12 3.43021e+12
threshold=2.5000000000000004 1.0000000180025095e-35 131.50000000000003 93.500000000000014 96.500000000000014 2009.5000000000002 1.0000000180025095e-35 1.0000000180025095e-35 46.500000000000007 43.500000000000007 60.500000000000007 2011.5000000000002 3.5000000000000004 7.5000000000000009 6.5000000000000009 2013.5000000000002 119.50000000000001 1.5000000000000002 8.5000000000000018 9.5000000000000018 11.500000000000002 12.500000000000002 305.50000000000006 66.500000000000014 2011.5000000000002 78.500000000000014 14.500000000000002 15.500000000000002 18.500000000000004 33.500000000000007
decision_type=2 2 2 2 2 2 2 2 2 2 2 2 2 2 2 2 2 2 2 2 2 2 2 2 2 2 2 2 2 2
left_child=1 2 3 8 5 -5 -6 -7 9 -1 -10 -11 25 14 -14 -16 17 -17 -15 22 23 -22 -20 -21 -24 -3 -23 -28 29 -29
right_child=-2 12 -4 4 6 7 -8 -9 10 11 -12 -13 13 18 15 16 -18 -19 19 20 21 26 24 -25 -26 -27 27 28 -30 -31
leaf_value=798.26496489693875 -294.58680693766792 -290.98726485814751 -3692.2214617022419 9993.3918256159686 1569.0440102406828 22786.596347045899 36862.589980468751 63687.448640046292 -3110.0480555941022 8701.430198030519 1524.7089497534776 25655.480438537601 512.43677238598411 -1833.4872750730312 2113.7520374434584 10099.310202789307 6710.9086377005697 56925.542015043218 1143.3941871853019 -500.30572972634292 2817.1423194441336 -1326.0037562205996 3549.5283427753166 -3292.0333212672654 10066.794324643022 -2179.5133453111548 2612.1100143338076 492.3790996729029 102.03152320716497 -2233.7184286181991
leaf_weight=15288 93188 43173 1321 213 1237 40 25 27 5157 1015 7915 200 34290 10285 7574 84 987 47 4397 12678 6820 14441 2846 5701 923 9176 6960 6976 192926 13642
leaf_count=15288 93188 43173 1321 213 1237 40 25 27 5157 1015 7915 200 34290 10285 7574 84 987 47 4397 12678 6820 14441 2846 5701 923 9176 6960 6976 192926 13642
internal_value=0 67.5551 768.887 958.273 4942.99 16998.6 2268.2 39269 750.515 1585.59 -303.737 11492.2 6.71474 109.065 1017.37 3009.33 9076.48 26899.6 -31.0691 38.0221 -54.6597 45.0494 2990.58 -1366.27 5145.56 -622.018 -35.4191 49.1024 -34.4333 -1311.36
internal_weight=0 406364 32438 31117 1542 280 1262 67 29575 16503 13072 1215 373926 321577 42982 8692 1118 131 278595 268310 260144 241765 8166 18379 3769 52349 234945 220504 213544 20618
internal_count=499552 406364 32438 31117 1542 280 1262 67 29575 16503 13072 1215 373926 321577 42982 8692 1118 131 278595 268310 260144 241765 8166 18379 3769 52349 234945 220504 213544 20618
is_linear=0
shrinkage=0.1


Tree=86
num_leaves=31
num_cat=0
split_feature=4 3 8 1 6 7 1 3 7 0 0 8 8 1 1 7 1 6 7 7 6 5 7 7 1 8 1 8 1 8
split_gain=1.02943e+12 4.53575e+12 1.94621e+12 1.88001e+12 1.68845e+12 2.3963e+12 4.72605e+12 1.44938e+12 1.7585e+13 7.45427e+12 1.37361e+13 3.98157e+13 7.01108e+13 5.74976e+13 2.2201e+14 2.60793e+13 2.11982e+13 6.06776e+13 1.33693e+13 1.27707e+13 1.04563e+13 9.77782e+12 1.69566e+13 1.35787e+13 5.03546e+13 4.04091e+13 9.41541e+12 8.94594e+12 4.0704e+13 1.2241e+13
threshold=1.0000000180025095e-35 3.5000000000000004 125.50000000000001 9.5000000000000018 9.5000000000000018 386.50000000000006 9.5000000000000018 3.5000000000000004 359.50000000000006 2014.5000000000002 2015.5000000000002 79.500000000000014 63.500000000000007 4.5000000000000009 7.5000000000000009 27.500000000000004 11.500000000000002 4.5000000000000009 76.500000000000014 119.50000000000001 16.500000000000004 1.0000000180025095e-35 38.500000000000007 37.500000000000007 8.5000000000000018 8.5000000000000018 5.5000000000000009 59.500000000000007 9.5000000000000018 99.500000000000014
decision_type=2 2 2 2 2 2 2 2 2 2 2 2 2 2 2 2 2 2 2 2 2 2 2 2 2 2 2 2 2 2
left_child=7 4 3 -3 5 -2 -7 -1 9 21 11 12 13 -11 -15 -16 20 -18 -17 -13 26 23 -23 24 -9 -25 -12 28 -27 -29
right_child=1 2 -4 -5 -6 6 -8 8 -10 10 16 19 -14 14 15 18 17 -19 -20 -21 -22 22 -24 25 -26 27 -28 29 -30 -31
leaf_value=-60.816446660220564 1276.4486468039556 -15139.499811366821 7150.5813793364032 -45543.79756155303 21.775423447608262 276.43289182911752 -56976.513932291666 151104.29354248047 93615.44851190476 -52233.008813476568 -2556.1438288317231 -50493.643798828125 221524.23806818185 277670.73187934031 75919.530390625005 -120232.32619047619 142211.55961538464 -7633.4889476429344 -20334.205658783787 5419.0561018988001 5778.6253623447665 -98459.554443359375 -7499.3465976648167 -132849.61990625001 -41832.262310987906 -53292.264605978264 -26481.929467310416 -82476.357265625003 134842.8153192935 1783.8362568359375
leaf_weight=446375 19092 53 21 33 31794 46 21 24 21 55 380 56 22 36 20 21 39 88 37 151 541 32 57 25 31 23 290 20 23 125
leaf_count=446375 19092 53 21 33 31794 46 21 24 21 55 380 56 22 36 20 21 39 88 37 151 541 32 57 25 31 23 290 20 23 125
internal_value=0 425.447 -20141.8 -26806.3 468.638 1210.2 -17668.5 -48.4364 2561.94 1649.67 4365.37 20675 53602.1 31742.5 72257 -22549.4 -486.064 38381.9 -56504.2 -9707.08 -4562.23 -11446.1 -40204.1 -2001.56 42358.2 -13296.9 -12912.1 2351.39 40775.3 -9838.26
internal_weight=0 51060 107 86 50953 19159 67 448492 2117 2096 1736 398 191 169 114 78 1338 127 58 207 1211 360 89 271 55 216 670 191 46 145
internal_count=499552 51060 107 86 50953 19159 67 448492 2117 2096 1736 398 191 169 114 78 1338 127 58 207 1211 360 89 271 55 216 670 191 46 145
is_linear=0
shrinkage=0.1


Tree=87
num_leaves=31
num_cat=0
split_feature=7 7 7 6 1 3 7 1 0 1 8 6 0 7 8 5 3 1 6 6 6 6 0 7 8 3 7 3 3 7
split_gain=9.21031e+11 2.4906e+12 2.57319e+12 1.84211e+12 2.36311e+13 1.40408e+13 1.75163e+13 6.76004e+12 2.07197e+13 2.09422e+12 2.62917e+12 3.2566e+12 1.76278e+12 1.5361e+12 1.29553e+12 1.19541e+12 1.26955e+12 1.28828e+12 1.18818e+12 2.77871e+12 2.92552e+12 1.12701e+13 2.47018e+12 1.88762e+12 1.78211e+12 2.20057e+12 1.59394e+12 1.15903e+12 1.41693e+12 1.10277e+12
threshold=292.50000000000006 286.50000000000006 288.50000000000006 3.5000000000000004 10.500000000000002 3.5000000000000004 350.50000000000006 2.5000000000000004 2012.5000000000002 3.5000000000000004 269.50000000000006 20.500000000000004 2014.5000000000002 299.50000000000006 516.50000000000011 1.0000000180025095e-35 1.5000000000000002 4.5000000000000009 35.500000000000007 33.500000000000007 32.500000000000007 31.500000000000004 2012.5000000000002 369.50000000000006 598.50000000000011 1.5000000000000002 303.50000000000006 1.5000000000000002 2.5000000000000004 290.50000000000006
decision_type=2 2 2 2 2 2 2 2 2 2 2 2 2 2 2 2 2 2 2 2 2 2 2 2 2 2 2 2 2 2
left_child=1 -1 12 4 7 13 9 -2 -9 -7 11 -11 -3 -5 -12 16 -14 -18 19 20 21 26 27 -20 -24 -26 -15 -23 -29 -4
right_child=3 2 29 5 -6 6 -8 8 -10 10 14 -13 15 18 -16 -17 17 -19 23 -21 -22 22 24 -25 25 -27 -28 28 -30 -31
leaf_value=22.792228642358225 40969.165230129205 4247.0802997694727 -1230.9165809442502 -1906.5174288745218 95398.681372974534 -38884.29773706897 -101311.45496651786 7824.3014023651958 -95949.744801682697 -42886.157522321431 20820.605161063904 2868.9626604352679 9298.07679568204 2911.4002103353259 -11348.246688988096 -3785.6693237304689 40384.073826805325 14932.43031999455 -1576.8389607021031 2833.9797403330213 -4175.7977978710906 4401.3496675133101 16220.594416666667 739.39827587727825 16600.627112926137 58542.001473683333 -367.40713037203653 19045.952257027937 3866.7739755008997 2456.6098611184948
leaf_weight=439187 23 1517 1616 5528 27 29 28 74 26 35 31 28 88 1573 21 31 37 43 11181 3560 1680 197 75 5134 22 29 25816 199 89 1628
leaf_count=439187 23 1517 1616 5528 27 29 28 74 26 35 31 28 88 1573 21 31 37 43 11181 3560 1680 197 75 5134 22 29 25816 199 89 1628
internal_value=0 47.9577 2276.25 -384.446 10682.4 -414.489 -28941.4 -7913.86 -19157 -14869.5 -8813.56 -22550.5 5407.93 -325.412 7829.34 14257.2 17586.5 26703.8 -149.036 194.016 -122.637 120.553 13552.9 -847.966 26027.6 40449.6 -179.099 10312.1 14355.2 619.667
internal_weight=0 444147 4960 55405 150 55255 172 123 100 144 115 63 1716 55083 52 199 168 80 49555 33240 29680 28000 611 16315 126 51 27389 485 288 3244
internal_count=499552 444147 4960 55405 150 55255 172 123 100 144 115 63 1716 55083 52 199 168 80 49555 33240 29680 28000 611 16315 126 51 27389 485 288 3244
is_linear=0
shrinkage=0.1


Tree=88
num_leaves=31
num_cat=0
split_feature=0 8 8 8 7 8 3 0 7 3 6 8 7 7 7 5 0 7 3 1 7 3 1 0 0 0 1 1 1 1
split_gain=9.24564e+11 1.24233e+12 5.48227e+12 4.46754e+12 4.61498e+12 3.61781e+12 1.70424e+13 2.56004e+12 2.40452e+12 2.43622e+12 2.24713e+12 2.24366e+12 2.17829e+12 1.83152e+13 9.20379e+12 1.35349e+13 4.59055e+13 7.61628e+12 6.47008e+12 4.74797e+12 4.74284e+12 5.00802e+12 1.89534e+13 4.563e+12 3.98807e+12 9.63603e+12 1.80744e+13 4.05593e+12 2.56805e+12 2.53389e+12
threshold=1997.5000000000002 13.500000000000002 26.500000000000004 33.500000000000007 243.50000000000003 10.500000000000002 3.5000000000000004 2015.5000000000002 29.500000000000004 3.5000000000000004 87.500000000000014 35.500000000000007 28.500000000000004 24.500000000000004 25.500000000000004 1.0000000180025095e-35 2013.5000000000002 29.500000000000004 1.0000000180025095e-35 7.5000000000000009 7.5000000000000009 3.5000000000000004 6.5000000000000009 2005.5000000000002 2014.5000000000002 2015.5000000000002 6.5000000000000009 4.5000000000000009 3.5000000000000004 3.5000000000000004
decision_type=2 2 2 2 2 2 2 2 2 2 2 2 2 2 2 2 2 2 2 2 2 2 2 2 2 2 2 2 2 2
left_child=-1 5 10 4 8 12 -7 -6 -4 -10 -3 -5 13 20 15 16 19 -14 -17 23 -2 -22 -23 -15 -20 26 29 -27 -25 -26
right_child=1 2 3 11 7 6 -8 -9 9 -11 -12 -13 17 14 -16 18 -18 -19 24 -21 21 22 -24 28 25 27 -28 -29 -30 -31
leaf_value=-355.90707531584405 869.1089965002725 -1340.0229023393067 2801.4081281122972 -2468.6989467148906 6378.573308884188 2087.3938346710052 73033.365379961804 23540.957864331183 100.55075161687624 -29460.391657366075 25173.409426879884 39.835737682955198 -6527.4232800692898 16299.287017463235 1091.0217675307274 53838.283856201175 166242.63939310712 -19.955176561917852 6850.9086378324319 -147.85495465087891 -1436.4382164002236 22926.69727711397 -84299.676647949222 32905.707077752973 -10966.650692085597 19794.984037341103 113188.38214285714 -19580.242985372341 81795.107025701363 32840.583971774198
leaf_weight=63685 24277 30605 5598 3609 1153 8173 34 94 6463 28 32 295587 1876 68 1233 32 24 43556 1598 75 11455 34 32 21 23 59 28 47 22 31
leaf_count=63685 24277 30605 5598 3609 1153 8173 34 94 6463 28 32 295587 1876 68 1233 32 24 43556 1598 75 11455 34 32 21 23 59 28 47 22 31
internal_value=0 52.002 -35.7429 89.3988 1880.22 376.835 2381.31 7672.29 1282.76 -26.9653 -1312.33 9.57697 182.131 729.743 7904.37 12046.8 36083.8 -288.665 9270.25 19289.1 76.174 -1594.7 -29061.8 32422.2 8471.72 22248.6 47989 2336.16 57918.9 14181.9
internal_weight=0 435867 343169 312532 13336 92698 8207 1247 12089 6491 30637 299196 84491 39059 3261 2028 210 45432 1818 186 35798 11521 66 111 1786 188 82 106 43 54
internal_count=499552 435867 343169 312532 13336 92698 8207 1247 12089 6491 30637 299196 84491 39059 3261 2028 210 45432 1818 186 35798 11521 66 111 1786 188 82 106 43 54
is_linear=0
shrinkage=0.1


Tree=89
num_leaves=31
num_cat=0
split_feature=3 3 8 7 7 0 7 0 0 0 3 5 7 7 7 3 8 0 7 7 7 1 1 7 7 8 8 0 0 8
split_gain=9.81648e+11 1.5211e+12 2.39914e+12 2.704e+12 6.51962e+12 9.08162e+12 1.9817e+12 2.02234e+12 1.84756e+12 1.81529e+12 1.8278e+12 1.47771e+12 2.88745e+13 1.00002e+13 5.19447e+12 8.60084e+12 1.47882e+13 6.39295e+13 1.19723e+14 8.71339e+13 3.62271e+13 3.07496e+13 1.87981e+13 9.01976e+12 1.62829e+13 1.39657e+13 1.18313e+13 1.57142e+13 1.41064e+13 1.40579e+13
threshold=2.5000000000000004 1.0000000180025095e-35 1.0000000180025095e-35 81.500000000000014 96.500000000000014 2011.5000000000002 9.5000000000000018 2010.5000000000002 2002.5000000000002 2007.5000000000002 1.5000000000000002 1.0000000180025095e-35 380.50000000000006 359.50000000000006 11.500000000000002 3.5000000000000004 12.500000000000002 2015.5000000000002 37.500000000000007 93.500000000000014 93.500000000000014 3.5000000000000004 9.5000000000000018 71.500000000000014 78.500000000000014 336.50000000000006 22.500000000000004 2015.5000000000002 2015.5000000000002 87.500000000000014
decision_type=2 2 2 2 2 2 2 2 2 2 2 2 2 2 2 2 2 2 2 2 2 2 2 2 2 2 2 2 2 2
left_child=1 -1 3 6 5 9 7 -3 -6 10 -5 12 13 14 -2 -16 17 18 -17 -20 21 -19 -23 26 25 -25 28 29 -18 -28
right_child=11 2 -4 4 8 -7 -8 -9 -10 -11 -12 -13 -14 -15 15 16 23 20 19 -21 -22 22 -24 24 -26 -27 27 -29 -30 -31
leaf_value=-181.18744235104629 -13965.631204692287 6023.3156504740255 179.37934359190007 10782.237785791469 3944.8638747642781 69541.896834788597 1320.6970382691704 29313.212170410159 -22429.360682397961 -13311.806351902174 37993.071420288084 -208.15480053338953 117688.19869628908 -60285.384165039068 -5284.1722759709573 279698.094125 86427.212144886376 111063.05360576924 -84997.420368216379 147252.58184895836 -96126.53335336539 -60874.867075552596 38903.846090959822 126204.69367187501 2008.0694653405521 8028.3067773437506 -108500.44695945946 -7319.6441421508789 -16339.182284007353 -17987.765515136718
leaf_weight=153502 350 167 248974 108 58 34 3369 48 49 23 32 89166 20 30 2131 25 22 26 35 30 39 41 35 20 967 20 37 128 34 32
leaf_count=153502 350 167 248974 108 58 34 3369 48 49 23 32 89166 20 30 2131 25 22 26 35 30 39 41 35 20 967 20 37 128 34 32
internal_value=0 67.129 217.872 2682.78 11737.8 22530.5 1914.72 11222.9 -8133.05 12724.5 17001.9 -292.729 -2167.69 -2766.67 -2332.24 -1208.09 4617.63 27877 93723.6 22194.9 -14152.7 17190.2 -14924.1 353.405 4594.3 67116.5 -16526.4 -28056 24033.3 -66523.6
internal_weight=0 406364 252862 3888 304 197 3584 215 107 163 140 93188 4022 4002 3972 3622 1491 231 90 65 141 102 76 1260 1007 40 253 197 56 69
internal_count=499552 406364 252862 3888 304 197 3584 215 107 163 140 93188 4022 4002 3972 3622 1491 231 90 65 141 102 76 1260 1007 40 253 197 56 69
is_linear=0
shrinkage=0.1


Tree=90
num_leaves=31
num_cat=0
split_feature=1 6 3 1 5 7 7 0 7 0 7 7 1 7 7 7 4 1 7 7 7 7 8 0 5 8 0 5 1 0
split_gain=8.90579e+11 9.44503e+11 8.10888e+12 5.34011e+13 1.06877e+14 3.85155e+13 8.19671e+13 3.57446e+13 6.4486e+13 3.9236e+13 2.51028e+13 5.925e+12 1.50464e+13 2.35255e+12 5.44545e+12 6.01459e+12 7.7546e+12 7.80481e+12 3.3724e+12 7.91084e+12 4.17932e+12 2.86997e+12 2.7224e+12 2.71166e+12 2.68032e+12 2.97053e+12 2.45876e+12 3.30681e+12 3.13097e+12 1.96796e+12
threshold=3.5000000000000004 1.0000000180025095e-35 3.5000000000000004 10.500000000000002 1.0000000180025095e-35 25.500000000000004 20.500000000000004 2014.5000000000002 93.500000000000014 2015.5000000000002 31.500000000000004 386.50000000000006 10.500000000000002 131.50000000000003 81.500000000000014 87.500000000000014 1.0000000180025095e-35 7.5000000000000009 46.500000000000007 43.500000000000007 60.500000000000007 73.500000000000014 71.500000000000014 2011.5000000000002 1.0000000180025095e-35 245.50000000000003 2013.5000000000002 1.0000000180025095e-35 7.5000000000000009 2006.5000000000002
decision_type=2 2 2 2 2 2 2 2 2 2 2 2 2 2 2 2 2 2 2 2 2 2 2 2 2 2 2 2 2 2
left_child=-1 2 11 5 10 6 -4 -7 9 -9 -5 13 29 14 18 16 -16 -18 19 -2 -20 22 26 -21 25 -25 -22 28 -28 -13
right_child=1 -3 3 4 -6 7 -8 8 -10 -11 -12 12 -14 -15 15 -17 17 -19 20 23 21 -23 -24 24 -26 -27 27 -29 -30 -31
leaf_value=-256.62152248539235 344.82957438428093 9.5359094876834618 -79586.649707031262 -87974.344526367204 248430.67265625001 -160345.83377976192 166571.74143145164 -181808.62935267857 112062.11366489956 -19854.435024789665 68566.804166666669 12810.998804278708 -89332.733112980786 -2929.4551068576816 7604.0463877814154 1728.3900668666943 7467.7971562499997 85722.343534264204 -3151.8275181123809 5695.5542324217149 4629.0419216564978 -1575.6424685740617 573.61856479881601 36017.605110341501 5949.1546241760261 6395.0592430701627 13557.009817708335 3963.4380581942478 59244.09765625 -18879.993954806858
leaf_weight=106424 25239 341995 24 20 27 21 31 21 28 52 21 43 26 2000 1288 6205 25 26 5934 1343 1054 4125 3141 97 128 52 30 66 30 36
leaf_count=106424 25239 341995 24 20 27 21 31 21 28 52 21 43 26 2000 1288 6205 25 26 5934 1343 1054 4125 3141 97 128 52 30 66 30 36
internal_value=0 69.4702 470.331 18619.4 93941.8 -10318 59157.2 -41638.8 -16957.2 -66444 -7794.73 382.953 -23347.2 432.018 569.831 3040.05 9118.36 47362.3 117.945 779.628 -1117.95 311.016 2112.1 7553.62 16562.2 25679.5 6207.31 19409.7 36400.6 -1630.47
internal_weight=0 393128 51133 245 68 177 55 122 101 73 41 50888 105 50783 48783 7544 1339 51 41239 26859 14380 8446 4321 1620 277 149 1180 126 60 79
internal_count=499552 393128 51133 245 68 177 55 122 101 73 41 50888 105 50783 48783 7544 1339 51 41239 26859 14380 8446 4321 1620 277 149 1180 126 60 79
is_linear=0
shrinkage=0.1


Tree=91
num_leaves=31
num_cat=0
split_feature=3 7 4 3 7 0 8 1 7 1 8 0 7 1 7 1 0 1 1 7 5 7 7 3 8 0 1 1 7 1
split_gain=8.84311e+11 1.67391e+12 1.2631e+12 3.52485e+12 1.82517e+12 4.19676e+13 1.74051e+12 1.49236e+12 1.41454e+12 3.85265e+12 1.69328e+12 2.25624e+12 4.19366e+12 8.31629e+12 3.88728e+12 2.84755e+12 1.60002e+12 1.83146e+12 1.43915e+12 3.64091e+12 1.35099e+12 7.8675e+12 4.41481e+12 6.60722e+12 1.29401e+13 5.73648e+13 1.0345e+14 3.32442e+14 3.14874e+13 2.51191e+13
threshold=2.5000000000000004 417.50000000000006 1.0000000180025095e-35 3.5000000000000004 386.50000000000006 2012.5000000000002 24.500000000000004 11.500000000000002 386.50000000000006 9.5000000000000018 1.0000000180025095e-35 2013.5000000000002 81.500000000000014 10.500000000000002 25.500000000000004 10.500000000000002 2015.5000000000002 8.5000000000000018 5.5000000000000009 93.500000000000014 1.0000000180025095e-35 359.50000000000006 11.500000000000002 3.5000000000000004 12.500000000000002 2015.5000000000002 4.5000000000000009 8.5000000000000018 93.500000000000014 3.5000000000000004
decision_type=2 2 2 2 2 2 2 2 2 2 2 2 2 2 2 2 2 2 2 2 2 2 2 2 2 2 2 2 2 2
left_child=-1 2 4 8 20 7 -5 -6 10 -10 11 -4 14 18 15 16 17 -13 19 -14 21 22 -2 -24 25 26 -25 -28 29 -27
right_child=1 -3 3 6 5 -7 -8 -9 9 -11 -12 12 13 -15 -16 -17 -18 -19 -20 -21 -22 -23 23 24 -26 28 27 -29 -30 -31
leaf_value=63.713968291330083 -12782.517196483726 -29204.941896972654 1264.5770368847052 -29976.576857244319 -1615.8191392503936 137016.49578804348 -4458.5461101825422 -28321.235883364472 808.68380214146214 -49416.498574683785 183.06708498677745 8888.8356255744493 54056.965353260865 75207.027038574219 -2279.2698688720084 41019.498097182768 18551.812690808936 -19850.591445312501 1563.2689407348635 2227.3415660511364 -376.69477726509064 -50199.315283203126 -4618.0574443689202 -70260.457664271758 232.37899730391291 99982.409465144228 423883.7809027778 -46119.989073988974 -91506.80601356909 -13887.402734375
leaf_weight=406364 338 20 2583 55 232 23 52 23 56 21 13134 85 23 25 394 33 103 30 64 33 72400 34 1953 28 1245 26 27 34 38 76
leaf_count=406364 338 20 2583 55 232 23 52 23 56 21 13134 85 23 25 394 33 103 30 64 33 72400 34 1953 28 1245 26 27 34 38 76
internal_value=0 -277.837 -271.627 516.524 -443.64 7644.32 -17575.3 -4024.54 633.253 -12889.1 696.33 2694.91 7371.54 22738.2 3917.02 13643.5 9499.4 1391.59 11807.2 23514.5 -473.148 -2311.32 -1878.86 -803.45 4250.78 26097.5 88870.7 161914 -13808.3 15138.2
internal_weight=0 93188 93168 16691 76477 278 107 255 16584 77 16507 3373 790 145 645 251 218 115 120 56 76199 3799 3765 3427 1474 229 89 61 140 102
internal_count=499552 93188 93168 16691 76477 278 107 255 16584 77 16507 3373 790 145 645 251 218 115 120 56 76199 3799 3765 3427 1474 229 89 61 140 102
is_linear=0
shrinkage=0.1


Tree=92
num_leaves=31
num_cat=0
split_feature=7 7 7 8 6 8 0 7 3 8 8 8 1 0 7 0 8 5 3 0 0 6 0 6 7 8 8 6 6 6
split_gain=7.94702e+11 3.96026e+12 5.80911e+12 2.73004e+12 6.49239e+12 6.05579e+12 2.84722e+12 2.59342e+12 6.99708e+12 1.29996e+13 1.13514e+13 1.94292e+13 1.55811e+13 1.304e+13 2.66348e+12 2.24759e+12 3.39598e+12 3.80125e+12 3.62383e+12 2.5676e+12 2.05621e+12 2.04437e+12 1.67537e+12 1.64335e+12 2.49946e+12 3.36985e+12 2.8914e+12 2.30888e+12 3.40285e+12 2.41156e+12
threshold=203.50000000000003 233.50000000000003 253.50000000000003 218.50000000000003 23.500000000000004 224.50000000000003 2011.5000000000002 173.50000000000003 3.5000000000000004 65.500000000000014 638.50000000000011 474.50000000000006 9.5000000000000018 2015.5000000000002 169.50000000000003 2010.5000000000002 32.500000000000007 1.0000000180025095e-35 1.5000000000000002 2013.5000000000002 2014.5000000000002 16.500000000000004 2012.5000000000002 19.500000000000004 185.50000000000003 352.50000000000006 191.50000000000003 34.500000000000007 87.500000000000014 30.500000000000004
decision_type=2 2 2 2 2 2 2 2 2 2 2 2 2 2 2 2 2 2 2 2 2 2 2 2 2 2 2 2 2 2
left_child=7 22 3 4 21 6 -5 14 23 -10 11 12 13 -11 -1 -6 17 18 -17 -20 -7 -3 -2 24 -9 26 -26 29 -29 -25
right_child=1 2 -4 5 15 20 -8 8 9 10 -12 -13 -14 -15 -16 16 -18 -19 19 -21 -22 -23 -24 27 25 -27 -28 28 -30 -31
leaf_value=26.850652164437392 -852.17525777173159 1039.4825586855222 -255.21047003746267 9425.1633378859315 3205.5868482961105 1877.9182200776304 27133.244086662176 219.62915158542179 -42277.987214543275 116267.81949728262 -30086.299857954549 137626.74668945311 -33059.336467633926 19338.598203124999 -2398.8349386935452 19121.188259277344 5139.9288820851853 4112.4287220482684 26070.819546363469 73083.600330528847 7599.4238084971485 -1976.7099990510496 -2750.8871240548979 -227.55435716948384 3019.964064598983 -756.13733170182525 8843.9405000920942 3317.7077837969578 -925.08812974478462 -5098.6913072347224
leaf_weight=323177 25064 4411 89041 325 1361 6528 126 6719 26 23 22 20 28 35 4591 115 502 103 21 26 695 4581 5705 9795 4666 1923 1043 4471 3275 1134
leaf_count=323177 25064 4411 89041 325 1361 6528 126 6719 26 23 22 20 28 35 4591 115 502 103 21 26 695 4581 5705 9795 4666 1923 1043 4471 3275 1134
internal_value=0 -203.538 81.991 1679.56 678.334 3130.39 14372.4 78.1587 920.638 22186.7 35281.1 48848 28201.7 57776 -7.12558 5645.31 9974.47 19132.7 28682.7 52077.9 2428.44 -497.125 -1204.22 821.474 1626.16 2864.43 4083.97 203.106 1523.86 -732.987
internal_weight=0 138604 107835 18794 11120 7674 451 360948 33180 154 128 106 86 58 327768 2128 767 265 162 47 7223 8992 30769 33026 14351 7632 5709 18675 7746 10929
internal_count=499552 138604 107835 18794 11120 7674 451 360948 33180 154 128 106 86 58 327768 2128 767 265 162 47 7223 8992 30769 33026 14351 7632 5709 18675 7746 10929
is_linear=0
shrinkage=0.1


Tree=93
num_leaves=31
num_cat=0
split_feature=1 6 3 7 7 7 7 7 6 7 1 7 6 7 7 1 7 7 1 7 7 7 8 8 0 1 6 0 6 7
split_gain=7.85193e+11 1.04056e+12 9.21229e+11 5.39617e+13 7.52387e+12 7.54157e+13 1.97046e+13 3.12625e+13 2.3292e+13 1.63258e+13 1.5838e+13 1.19631e+14 2.52845e+13 7.77055e+13 1.64747e+13 1.60032e+13 7.29209e+12 4.13989e+13 7.75131e+12 6.05589e+12 4.54831e+12 8.29625e+12 5.11114e+12 2.51699e+13 7.60684e+12 6.59164e+12 1.06168e+13 5.05415e+12 5.03894e+12 4.48245e+12
threshold=6.5000000000000009 124.50000000000001 3.5000000000000004 345.50000000000006 10.500000000000002 7.5000000000000009 22.500000000000004 25.500000000000004 1.0000000180025095e-35 36.500000000000007 7.5000000000000009 94.500000000000014 1.0000000180025095e-35 91.500000000000014 229.50000000000003 10.500000000000002 61.500000000000007 50.500000000000007 9.5000000000000018 3.5000000000000004 245.50000000000003 229.50000000000003 562.50000000000011 667.50000000000011 2013.5000000000002 10.500000000000002 7.5000000000000009 2015.5000000000002 15.500000000000002 31.500000000000004
decision_type=2 2 2 2 2 2 2 2 2 2 2 2 2 2 2 2 2 2 2 2 2 2 2 2 2 2 2 2 2 2
left_child=-1 2 -2 4 5 19 8 -8 -6 29 11 -11 13 15 -13 -12 17 18 -14 -4 21 22 24 -24 -18 27 -27 28 -26 -9
right_child=1 -3 3 -5 6 -7 7 9 -10 10 12 14 16 -15 -16 -17 20 -19 -20 -21 -22 -23 23 -25 25 26 -28 -29 -30 -31
leaf_value=-133.71161548744101 107.67267239099529 -17638.633800344756 1242.6146448863637 161771.26909412202 -135975.23913043478 185641.73883322012 116329.32977454143 -31158.021970031739 -14756.310828354781 250042.60249255953 -47146.195078125005 -60543.149291424423 -56210.033906250006 -211427.66959918477 40292.244388521642 64909.11322115385 43150.131518554692 147445.75866477273 20398.402022879465 -54611.652291666673 -14355.788330489599 65963.11901041666 110891.9441576087 -21006.718915264424 60651.168923611112 -78997.846289062509 -10390.485196659483 -7730.9484854068405 2786.5595243566177 -93827.604403831851
leaf_weight=233711 264693 33 55 21 23 23 23 25 51 21 25 43 25 23 26 26 32 22 28 30 178 21 23 39 27 28 116 106 34 21
leaf_count=233711 264693 33 55 21 23 23 23 25 51 21 25 43 25 23 26 26 32 22 28 30 178 21 23 39 27 28 116 106 34 21
internal_value=0 117.551 119.755 2988.11 -59.8257 24997.7 -2804.47 1222.37 -52432.5 -1755.65 1409.91 41057.1 -3328.8 -58835.9 -22547.2 9980.04 2720.58 32129.5 -15737.7 -18470.7 -931.192 4678.15 1500.41 27923.4 -3275.77 -8052.71 -23730.8 5466.13 28398.8 -59768
internal_weight=0 265841 265808 1115 1094 108 986 912 74 889 843 90 753 74 69 51 679 75 53 85 604 426 405 62 343 311 144 167 61 46
internal_count=499552 265841 265808 1115 1094 108 986 912 74 889 843 90 753 74 69 51 679 75 53 85 604 426 405 62 343 311 144 167 61 46
is_linear=0
shrinkage=0.1


Tree=94
num_leaves=31
num_cat=0
split_feature=3 7 0 6 5 1 3 5 7 7 7 3 7 1 1 8 7 7 7 7 0 7 0 7 3 6 8 8 7 0
split_gain=7.99741e+11 1.30574e+12 1.2486e+12 1.94846e+12 1.25941e+12 2.94191e+12 1.14066e+12 1.06375e+12 1.97487e+13 1.0872e+13 3.14436e+12 5.43898e+12 1.31302e+13 4.23596e+13 1.64846e+14 1.3333e+14 2.56714e+13 2.16284e+13 1.58798e+13 1.3812e+13 1.61763e+13 1.526e+13 1.36944e+13 1.3101e+13 5.33623e+12 1.2798e+13 4.88009e+12 4.81364e+12 2.01512e+13 1.88626e+13
threshold=2.5000000000000004 417.50000000000006 2015.5000000000002 1.0000000180025095e-35 1.0000000180025095e-35 5.5000000000000009 1.5000000000000002 1.0000000180025095e-35 374.50000000000006 359.50000000000006 11.500000000000002 3.5000000000000004 44.500000000000007 4.5000000000000009 8.5000000000000018 15.500000000000002 36.500000000000007 21.500000000000004 29.500000000000004 62.500000000000007 2015.5000000000002 66.500000000000014 2015.5000000000002 71.500000000000014 3.5000000000000004 1.0000000180025095e-35 5.5000000000000009 49.500000000000007 78.500000000000014 2014.5000000000002
decision_type=2 2 2 2 2 2 2 2 2 2 2 2 2 2 2 2 2 2 2 2 2 2 2 2 2 2 2 2 2 2
left_child=2 7 -1 4 -4 -6 -5 8 9 10 24 -12 13 17 15 -15 22 -13 -19 20 -14 -21 -16 -23 -2 -26 -27 29 -29 -25
right_child=1 -3 3 6 5 -7 -8 -9 -10 -11 11 12 19 14 16 -17 -18 18 -20 21 -22 23 -24 27 25 26 -28 28 -30 -31
leaf_value=17.08674812540055 36.023096112123476 -25812.760649414064 3763.4597779132973 49.879640670459899 -7018.3822823660712 43752.424636718752 1602.0531210470208 -186.99829678043596 90546.856649116846 -70936.953290255173 -4352.1127253683226 45859.478613281251 -92717.847821969714 377801.14749348961 -95261.951131465525 32772.353670247394 86153.936250000013 -131189.78192934784 -21523.221509576615 83500.368979279898 -9353.8751582278474 -68942.203348952084 -8226.2382731119797 -73501.688681891028 -91978.289949544283 5779.7347741168487 -32715.406166294644 80461.229921874998 3058.0285368669338 3443.9175605861624
leaf_weight=382786 194 20 1427 15236 21 25 6869 89150 23 23 2131 24 33 24 29 21 20 23 31 23 79 26 48 39 24 69 63 35 862 174
leaf_count=382786 194 20 1427 15236 21 25 6869 89150 23 23 2131 24 33 24 29 21 20 23 31 23 79 26 48 39 24 69 63 35 862 174
internal_value=0 -264.218 60.5908 766.874 4288.45 20574.4 532.209 -258.733 -1850.36 -2382.31 -1985.35 -1110.72 3522.01 26077.8 58599.1 216788 -14787.4 -33127.7 -68233.1 -382.214 -33916.5 2858.37 -41005.9 1225.65 -11036.5 -24806.1 -12592.9 2869.22 6078.22 -10644.7
internal_weight=0 93188 406364 23578 1473 46 22105 93168 4018 3995 3972 3622 1491 220 142 45 97 78 54 1271 112 1159 77 1136 350 156 132 1110 897 213
internal_count=499552 93188 406364 23578 1473 46 22105 93168 4018 3995 3972 3622 1491 220 142 45 97 78 54 1271 112 1159 77 1136 350 156 132 1110 897 213
is_linear=0
shrinkage=0.1


Tree=95
num_leaves=31
num_cat=0
split_feature=7 7 3 8 8 7 6 0 0 5 8 8 7 3 0 0 7 7 7 8 0 7 0 5 8 8 7 3 7 0
split_gain=8.01325e+11 3.07847e+12 4.61525e+12 6.30388e+13 3.46597e+12 3.17328e+12 3.213e+12 2.73986e+12 2.72485e+12 2.05363e+12 1.74928e+12 1.50689e+12 1.6721e+12 1.75337e+12 1.41325e+12 1.26044e+12 1.09862e+12 4.4499e+12 7.62957e+12 4.33393e+12 3.7592e+12 3.58924e+12 5.84666e+12 2.04552e+13 2.98439e+12 2.42502e+12 4.19759e+12 1.10921e+13 9.74836e+12 9.08338e+12
threshold=6.5000000000000009 11.500000000000002 3.5000000000000004 99.500000000000014 4.5000000000000009 13.500000000000002 40.500000000000007 2004.5000000000002 2004.5000000000002 1.0000000180025095e-35 87.500000000000014 332.50000000000006 4.5000000000000009 3.5000000000000004 2006.5000000000002 2008.5000000000002 59.500000000000007 51.500000000000007 50.500000000000007 2.5000000000000004 2008.5000000000002 60.500000000000007 2014.5000000000002 1.0000000180025095e-35 159.50000000000003 1.0000000180025095e-35 96.500000000000014 3.5000000000000004 81.500000000000014 2014.5000000000002
decision_type=2 2 2 2 2 2 2 2 2 2 2 2 2 2 2 2 2 2 2 2 2 2 2 2 2 2 2 2 2 2
left_child=11 2 4 -4 8 6 -3 -8 -2 10 -9 12 -1 14 -14 -6 17 18 -7 20 -19 22 -18 -24 -20 26 28 -28 -23 -30
right_child=1 5 3 -5 15 16 7 9 -10 -11 -12 -13 13 -15 -16 -17 21 19 24 -21 -22 25 23 -25 -26 -27 27 -29 29 -31
leaf_value=-31.176240257840604 -2507.9012812008446 6.4238663774659122 -51154.098976934532 146974.4168288011 -517.89719129078719 -169.017187309658 1437.3100924980383 8611.7934172846089 -12737.436076107188 3993.0348865037013 19946.982933335894 4145.6255441555668 631.01395709836811 -21312.771679687503 3471.8706515264803 -2531.3237803773177 2354.7115437267485 -2694.7136155549974 995.81929469593513 -905.82702871740332 -9478.2418654388584 -408.22622908137947 6253.1742484047782 87489.846881598409 9140.5826262327992 -10.884097001110112 -2665.0782365874761 51704.313229851978 4217.2748234480305 19585.766206374396
leaf_weight=25695 587 2995 42 26 10490 83705 1390 579 468 792 178 1079 4292 33 2958 4419 1654 2645 708 11523 1182 6293 191 37 1234 326345 2994 38 4560 420
leaf_count=25695 587 2995 42 26 10490 83705 1390 579 468 792 178 1079 4292 33 2958 4419 1654 2645 708 11523 1182 6293 191 37 1234 326345 2994 38 4560 420
internal_value=0 -34.2578 -1395.9 24600.9 -1506.63 14.3109 2311.49 4660.47 -7045.74 7552.79 11277.1 468.24 347.92 1685.4 1790.08 -1114.67 -16.4232 -306.264 -25.2556 -1874.18 -4789.86 69.0375 4424.11 19436.3 6171.23 44.9769 1319.35 -1983.67 2207.74 5513.41
internal_weight=0 465495 16032 68 15964 449463 5934 2939 1055 1549 757 34057 32978 7283 7250 14909 443529 100997 85647 15350 3827 342532 1882 228 1942 340650 14305 3032 11273 4980
internal_count=499552 465495 16032 68 15964 449463 5934 2939 1055 1549 757 34057 32978 7283 7250 14909 443529 100997 85647 15350 3827 342532 1882 228 1942 340650 14305 3032 11273 4980
is_linear=0
shrinkage=0.1


Tree=96
num_leaves=31
num_cat=0
split_feature=4 3 8 3 0 7 1 7 3 5 8 7 8 7 0 5 3 3 7 0 1 0 5 1 3 6 5 7 6 6
split_gain=8.15489e+11 2.73703e+12 1.53463e+12 1.25297e+12 1.85551e+12 1.53027e+13 4.60907e+12 4.95293e+12 4.11646e+12 6.93702e+13 2.68992e+13 1.42373e+13 1.76103e+12 3.43783e+12 6.68521e+12 3.95417e+13 3.47484e+13 3.1157e+12 1.45499e+13 2.69444e+13 6.25002e+13 2.18908e+13 5.38083e+12 3.83939e+12 2.5471e+12 1.6416e+13 5.8773e+13 6.73209e+12 5.44192e+12 2.39882e+13
threshold=1.0000000180025095e-35 3.5000000000000004 7.5000000000000009 2.5000000000000004 2013.5000000000002 359.50000000000006 9.5000000000000018 369.50000000000006 3.5000000000000004 1.0000000180025095e-35 18.500000000000004 79.500000000000014 1.0000000180025095e-35 81.500000000000014 2015.5000000000002 1.0000000180025095e-35 3.5000000000000004 3.5000000000000004 43.500000000000007 2015.5000000000002 5.5000000000000009 2015.5000000000002 1.0000000180025095e-35 6.5000000000000009 3.5000000000000004 1.0000000180025095e-35 1.0000000180025095e-35 43.500000000000007 11.500000000000002 13.500000000000002
decision_type=2 2 2 2 2 2 2 2 2 2 2 2 2 2 2 2 2 2 2 2 2 2 2 2 2 2 2 2 2 2
left_child=3 -2 -3 -1 8 12 7 -7 -5 10 -10 -12 13 17 16 -16 -15 -6 19 20 -19 -20 23 -21 -14 26 27 -26 -27 -30
right_child=1 2 -4 4 5 6 -8 -9 9 -11 11 -13 24 14 15 -17 -18 18 21 22 -22 -23 -24 -25 25 28 -28 -29 29 -31
leaf_value=32.685196614567573 412.21647491210217 -36212.734295428243 -8640.8164371490475 -206.67142192362277 -4098.5885067477093 -33772.763949829103 -7957.2417944335939 -97372.260099792489 -118444.34495675225 186884.38290039066 79452.057263764887 -22228.689895019532 -1267.7817569354886 4256.664324944205 -132195.111328125 1870.1157835064514 139043.78226562502 -51696.725122070318 -144036.34566406251 -38394.581547619047 178988.66739130436 -13551.819829644097 -60082.756088867194 22826.161601562504 -49156.546728515626 -6631.8525470140521 185674.94602272729 25743.903580729166 60127.735922983535 1131.318332650842
leaf_weight=371996 50953 27 80 61902 2222 25 20 24 21 20 21 40 9512 438 24 264 20 24 20 21 23 36 40 20 24 611 22 24 74 1004
leaf_count=371996 50953 27 80 61902 2222 25 20 24 21 20 21 40 9512 438 24 264 20 24 20 21 23 36 40 20 24 611 22 24 74 1004
internal_value=0 378.665 -15598.2 -43.1104 -411.7 -1430.43 -48411.6 -64923.5 -173.596 19899 -20829.1 12776.2 -1205.67 -3295.17 2635.82 -9301.99 10142.6 -5134.13 -17639.4 960.506 61191.9 -60153.4 -33988.6 -8530.8 -621.326 2874.46 50327.8 -11706.3 907.776 5181.17
internal_weight=0 51060 107 448492 76496 14492 69 49 62004 102 82 61 14423 3152 746 288 458 2406 184 128 47 56 81 41 11271 1759 70 48 1689 1078
internal_count=499552 51060 107 448492 76496 14492 69 49 62004 102 82 61 14423 3152 746 288 458 2406 184 128 47 56 81 41 11271 1759 70 48 1689 1078
is_linear=0
shrinkage=0.1


Tree=97
num_leaves=31
num_cat=0
split_feature=0 6 3 1 6 6 8 6 6 6 6 8 6 6 1 6 6 5 3 8 0 0 6 8 6 8 7 7 7 0
split_gain=7.81677e+11 9.87309e+11 2.29745e+12 2.70395e+12 3.78218e+12 2.02696e+12 1.66229e+12 1.64668e+12 2.6932e+12 1.03029e+13 4.22868e+12 3.60781e+12 3.24205e+12 3.31866e+12 2.9637e+12 2.37705e+12 5.0662e+12 2.19014e+12 2.75004e+12 2.06619e+12 1.92028e+12 1.90275e+12 1.66177e+12 1.51428e+12 1.50585e+12 1.46969e+12 1.56622e+12 1.68196e+12 1.56902e+12 1.42356e+12
threshold=1996.5000000000002 88.500000000000014 3.5000000000000004 6.5000000000000009 98.500000000000014 85.500000000000014 34.500000000000007 79.500000000000014 75.500000000000014 76.500000000000014 78.500000000000014 479.50000000000006 73.500000000000014 72.500000000000014 3.5000000000000004 82.500000000000014 83.500000000000014 1.0000000180025095e-35 1.5000000000000002 97.500000000000014 2013.5000000000002 2013.5000000000002 77.500000000000014 504.50000000000006 113.50000000000001 886.50000000000011 320.50000000000006 290.50000000000006 299.50000000000006 2015.5000000000002
decision_type=2 2 2 2 2 2 2 2 2 2 2 2 2 2 2 2 2 2 2 2 2 2 2 2 2 2 2 2 2 2
left_child=-1 5 6 4 -4 7 -3 8 12 11 22 17 13 25 -13 -9 20 18 -10 -15 -17 -16 -11 -7 -8 -2 27 -27 -29 -5
right_child=1 2 3 29 -6 23 24 15 9 10 -12 14 -14 19 21 16 -18 -19 -20 -21 -22 -23 -24 -25 -26 26 -28 28 -30 -31
leaf_value=-427.46628374006355 31.632556625182502 3924.2646693192205 -26188.6401936849 -44191.589327566966 27478.03289331897 1763.6183651696081 -910.7266887055838 -3165.0635242674307 6054.9852106065273 -63.484125749442143 4449.2659143715455 49380.835634068084 -3364.6018402168493 6398.093521280337 11668.749344022159 4416.5312810621926 -2275.6437149762673 777.17429770655281 18417.043621466612 -5134.4738110831613 16768.12222370016 40574.046068028045 -5076.0895633067266 8474.334169588592 4679.6644215901697 2479.9485439606342 -971.20114039349301 24880.824947287823 2336.4008179763268 -15592.879059103263
leaf_weight=39404 415810 789 24 28 29 2921 18116 3803 459 1386 1333 35 2769 1221 122 954 2188 298 296 178 145 28 1265 380 495 3418 1488 66 58 46
leaf_count=39404 415810 789 24 28 29 2921 18116 3803 459 1386 1333 35 2769 1221 122 954 2188 298 296 178 145 28 1265 380 495 3418 1488 66 58 46
internal_value=0 36.6054 -659.208 -14065.4 3176.14 67.4417 -571.446 48.8074 73.7177 2330.89 -145.173 10299.1 45.9842 68.3505 23178.3 -1462.78 506.736 8036.35 10901.6 4930.76 6046.18 17064.4 -2455.39 2536.13 -762.038 52.1863 1751.28 2895.01 14335.9 -26414
internal_weight=0 460148 19527 127 53 440621 19400 437320 430230 5222 3984 1238 425008 422239 185 7090 3287 1053 755 1399 1099 150 2651 3301 18611 420840 5030 3542 124 74
internal_count=499552 460148 19527 127 53 440621 19400 437320 430230 5222 3984 1238 425008 422239 185 7090 3287 1053 755 1399 1099 150 2651 3301 18611 420840 5030 3542 124 74
is_linear=0
shrinkage=0.1


Tree=98
num_leaves=31
num_cat=0
split_feature=8 8 8 3 8 7 7 0 7 7 3 7 7 7 3 0 1 0 7 0 1 3 1 0 1 1 1 0 7 3
split_gain=6.82954e+11 3.79739e+12 2.91653e+12 1.24304e+13 2.81302e+12 2.29882e+12 2.24609e+12 2.18354e+12 1.84881e+12 1.70701e+12 1.77064e+12 1.65419e+12 1.31354e+13 6.98097e+12 9.34565e+12 7.46316e+12 1.54568e+13 6.48935e+12 6.12799e+12 5.46147e+12 3.36306e+12 1.10269e+13 5.77595e+12 4.23018e+12 4.32376e+12 4.9217e+12 4.08775e+12 7.74131e+12 3.31949e+12 4.60692e+12
threshold=13.500000000000002 26.500000000000004 10.500000000000002 3.5000000000000004 33.500000000000007 243.50000000000003 1.0000000180025095e-35 2010.5000000000002 100.50000000000001 29.500000000000004 3.5000000000000004 28.500000000000004 24.500000000000004 25.500000000000004 2.5000000000000004 2005.5000000000002 9.5000000000000018 2008.5000000000002 29.500000000000004 2006.5000000000002 3.5000000000000004 3.5000000000000004 7.5000000000000009 2011.5000000000002 6.5000000000000009 4.5000000000000009 10.500000000000002 2013.5000000000002 7.5000000000000009 3.5000000000000004
decision_type=2 2 2 2 2 2 2 2 2 2 2 2 2 2 2 2 2 2 2 2 2 2 2 2 2 2 2 2 2 2
left_child=2 -2 11 8 5 9 -6 -7 -4 -3 -11 12 28 14 15 -14 17 -17 -13 -16 -21 22 23 -22 25 -25 27 -24 -1 -30
right_child=1 4 3 -5 6 7 -8 -9 -10 10 -12 18 13 -15 19 16 -18 -19 -20 20 21 -23 26 24 -26 -27 -28 -29 29 -31
leaf_value=613.948208440087 -1055.7539703937464 2158.1446962444311 794.63348124407048 62261.936764705883 4799.8572326735484 2620.2968216023719 -36.413784187945872 10708.415517255813 3897.5614393033684 7.5590107770935253 -25186.95166015625 -5591.9888422103413 14398.485246484521 630.9857273319559 3277.187947779526 30696.355295973557 -22630.508474864131 92504.608035714293 -96.957956280897832 2992.3629652756913 12784.266129492187 84188.472005208343 8399.0049210548405 56617.965798611112 68594.837371651782 9699.6819004899371 19861.229365907868 -39054.932018783249 -1186.5630472636492 -27673.178639914771
leaf_weight=27370 34945 6217 6673 34 963 1196 342372 463 2696 7405 28 2115 169 1419 1296 26 23 49 50172 208 125 24 128 36 35 59 116 47 13077 66
leaf_count=27370 34945 6217 6673 34 963 1196 342372 463 2696 7405 28 2115 169 1419 1296 26 23 49 50172 208 125 24 128 36 35 59 116 47 13077 66
internal_value=0 -60.6682 225.346 1906.55 36.2895 1362.58 -22.8488 4877.56 1687.52 935.379 -87.3483 61.6301 511.432 6165.42 9520.13 27129.9 49085 71077.7 -319.231 7253.11 13876.2 17847.9 14931.8 25919.1 38548.8 27479.2 5303.76 -4345.77 -13.3131 -1319.57
internal_weight=0 393589 105963 9403 358644 15309 343335 1659 9369 13650 7433 96560 44273 3760 2341 267 98 75 52287 2074 778 570 546 255 130 95 291 175 40513 13143
internal_count=499552 393589 105963 9403 358644 15309 343335 1659 9369 13650 7433 96560 44273 3760 2341 267 98 75 52287 2074 778 570 546 255 130 95 291 175 40513 13143
is_linear=0
shrinkage=0.1


Tree=99
num_leaves=31
num_cat=0
split_feature=4 3 8 1 6 7 7 0 3 3 8 7 0 0 0 7 0 3 5 8 7 8 7 0 5 3 3 7 5 0
split_gain=6.82565e+11 2.15996e+12 1.38147e+12 1.6926e+12 1.26023e+12 2.16746e+12 1.63834e+12 1.11941e+12 1.11791e+12 1.6824e+12 2.17351e+12 2.49862e+12 7.79721e+12 1.55454e+12 1.53572e+12 1.23148e+13 4.52838e+12 3.46998e+12 5.61931e+13 2.20963e+13 1.14147e+13 1.48254e+12 2.85903e+12 5.41502e+12 3.20287e+13 2.81462e+13 2.70993e+12 1.14791e+13 2.43729e+13 2.80495e+13
threshold=1.0000000180025095e-35 3.5000000000000004 125.50000000000001 9.5000000000000018 1.0000000180025095e-35 386.50000000000006 9.5000000000000018 2002.5000000000002 2.5000000000000004 1.0000000180025095e-35 1.0000000180025095e-35 81.500000000000014 2011.5000000000002 2008.5000000000002 2013.5000000000002 359.50000000000006 2015.5000000000002 3.5000000000000004 1.0000000180025095e-35 18.500000000000004 79.500000000000014 1.0000000180025095e-35 81.500000000000014 2015.5000000000002 1.0000000180025095e-35 3.5000000000000004 3.5000000000000004 43.500000000000007 1.0000000180025095e-35 2015.5000000000002
decision_type=2 2 2 2 2 2 2 2 2 2 2 2 2 2 2 2 2 2 2 2 2 2 2 2 2 2 2 2 2 2
left_child=8 4 3 -3 5 6 -2 -7 9 -1 11 -11 13 -13 17 21 -17 -10 19 -19 -21 22 26 25 -25 -24 -16 28 29 -28
right_child=1 2 -4 -5 -6 7 -8 -9 14 10 -12 12 -14 -15 15 16 -18 18 -20 20 -22 -23 23 24 -26 -27 27 -29 -30 -31
leaf_value=-234.55718308422243 9106.52614359371 -8391.4834094929247 9147.6287899925592 -37240.515506628792 203.11679043633018 -3925.4578235973017 1563.7835994737472 -35477.296306046199 -201.34914424372619 1824.1114172011232 161.43375196034285 7362.3416251524586 52439.824584960938 -20426.19012784091 -3741.2087931014098 -65928.58778749124 -14250.882895100913 -106870.68232886906 168549.36250000002 71761.421651785713 -19283.918210449217 -576.6143041350241 3837.5304622458543 -118969.06309814454 1689.6365458575162 125145.94833984376 128971.34042968751 -54131.560954938621 -44172.23364645338 -7148.5307545731703
leaf_weight=144585 305 53 21 33 45446 22 5157 23 61902 3499 223613 237 40 22 2222 39 30 21 20 21 40 11271 438 24 264 20 24 56 63 41
leaf_count=144585 305 53 21 33 45446 22 5157 23 61902 3499 223613 237 40 22 2222 39 30 21 20 21 40 11271 438 24 264 20 24 56 63 41
internal_value=0 346.433 -13846.6 -19461.5 376.238 1804.9 1984.97 -20052 -39.4407 32.1533 201.724 2573.9 11348.1 5001.93 -387.599 -1314.39 -43460 -170.982 18258.2 -18398.2 12059.6 -1112.77 -3029.95 2378.77 -8365.26 9134.84 -4706.97 -16369.5 151.341 43111.1
internal_weight=0 51060 107 86 50953 5507 5462 45 448492 371996 227411 3798 299 259 76496 14492 69 62004 102 82 61 14423 3152 746 288 458 2406 184 128 65
internal_count=499552 51060 107 86 50953 5507 5462 45 448492 371996 227411 3798 299 259 76496 14492 69 62004 102 82 61 14423 3152 746 288 458 2406 184 128 65
is_linear=0
shrinkage=0.1


end of trees

feature_importances:
Column_7=871
Column_6=492
Column_0=424
Column_3=404
Column_8=322
Column_1=309
Column_5=131
Column_4=47

parameters:
[boosting: gbdt]
[objective: regression]
[metric: l2]
[tree_learner: serial]
[device_type: cpu]
[data: ]
[valid: ]
[num_iterations: 100]
[learning_rate: 0.1]
[num_leaves: 31]
[num_threads: -1]
[deterministic: 0]
[force_col_wise: 0]
[force_row_wise: 0]
[histogram_pool_size: -1]
[max_depth: -1]
[min_data_in_leaf: 20]
[min_sum_hessian_in_leaf: 0.001]
[bagging_fraction: 1]
[pos_bagging_fraction: 1]
[neg_bagging_fraction: 1]
[bagging_freq: 0]
[bagging_seed: 400]
[feature_fraction: 1]
[feature_fraction_bynode: 1]
[feature_fraction_seed: 30056]
[extra_trees: 0]
[extra_seed: 12879]
[early_stopping_round: 0]
[first_metric_only: 0]
[max_delta_step: 0]
[lambda_l1: 0]
[lambda_l2: 0]
[linear_lambda: 0]
[min_gain_to_split: 0]
[drop_rate: 0.1]
[max_drop: 50]
[skip_drop: 0.5]
[xgboost_dart_mode: 0]
[uniform_drop: 0]
[drop_seed: 17869]
[top_rate: 0.2]
[other_rate: 0.1]
[min_data_per_group: 100]
[max_cat_threshold: 32]
[cat_l2: 10]
[cat_smooth: 10]
[max_cat_to_onehot: 4]
[top_k: 20]
[monotone_constraints: ]
[monotone_constraints_method: basic]
[monotone_penalty: 0]
[feature_contri: ]
[forcedsplits_filename: ]
[refit_decay_rate: 0.9]
[cegb_tradeoff: 1]
[cegb_penalty_split: 0]
[cegb_penalty_feature_lazy: ]
[cegb_penalty_feature_coupled: ]
[path_smooth: 0]
[interaction_constraints: ]
[verbosity: -1]
[saved_feature_importance_type: 0]
[linear_tree: 0]
[max_bin: 255]
[max_bin_by_feature: ]
[min_data_in_bin: 3]
[bin_construct_sample_cnt: 200000]
[data_random_seed: 175]
[is_enable_sparse: 1]
[enable_bundle: 1]
[use_missing: 1]
[zero_as_missing: 0]
[feature_pre_filter: 1]
[pre_partition: 0]
[two_round: 0]
[header: 0]
[label_column: ]
[weight_column: ]
[group_column: ]
[ignore_column: ]
[categorical_feature: ]
[forcedbins_filename: ]
[precise_float_parser: 0]
[objective_seed: 16083]
[num_class: 1]
[is_unbalance: 0]
[scale_pos_weight: 1]
[sigmoid: 1]
[boost_from_average: 1]
[reg_sqrt: 0]
[alpha: 0.9]
[fair_c: 1]
[poisson_max_delta_step: 0.7]
[tweedie_variance_power: 1.5]
[lambdarank_truncation_level: 30]
[lambdarank_norm: 1]
[label_gain: ]
[eval_at: ]
[multi_error_top_k: 1]
[auc_mu_weights: ]
[num_machines: 1]
[local_listen_port: 12400]
[time_out: 120]
[machine_list_filename: ]
[machines: ]
[gpu_platform_id: -1]
[gpu_device_id: -1]
[gpu_use_dp: 0]
[num_gpu: 1]

end of parameters

pandas_categorical:null
